[2026-09-04 09:52:21Z INFO HostContext] No proxy settings were found based on environmental variables (http_proxy/https_proxy/HTTP_PROXY/HTTPS_PROXY)
[2026-09-04 09:52:21Z INFO HostContext] Well known directory 'Bin': 'C:\Users\thennarasuv\CICD\actions-runner\bin'
[2026-09-04 09:52:21Z INFO HostContext] Well known directory 'Root': 'C:\Users\thennarasuv\CICD\actions-runner'
[2026-09-04 09:52:21Z INFO HostContext] Well known config file 'Credentials': 'C:\Users\thennarasuv\CICD\actions-runner\.credentials'
[2026-09-04 09:52:21Z INFO HostContext] Well known directory 'Bin': 'C:\Users\thennarasuv\CICD\actions-runner\bin'
[2026-09-04 09:52:21Z INFO HostContext] Well known directory 'Root': 'C:\Users\thennarasuv\CICD\actions-runner'
[2026-09-04 09:52:21Z INFO HostContext] Well known config file 'Runner': 'C:\Users\thennarasuv\CICD\actions-runner\.runner'
[2026-09-04 09:52:21Z INFO Worker] Version: 2.337.0
[2026-09-04 09:52:21Z INFO Worker] Commit: 397b032cbf865e9c3ddfab89d533ec19325e1273
[2026-09-04 09:52:21Z INFO Worker] Culture: en-IN
[2026-09-04 09:52:21Z INFO Worker] UI Culture: en-GB
[2026-09-04 09:52:21Z INFO Worker] Waiting to receive the job message from the channel.
[2026-09-04 09:52:21Z INFO ProcessChannel] Receiving message of length 44582, with hash '2297c4510b7be289191368c13e2e7ea1ea1c2b42500333663c9d4ea6ca6cb363'
[2026-09-04 09:52:21Z INFO Worker] Message received.
[2026-09-04 09:52:22Z INFO Worker] Job message:
 {
  "environmentVariables": [
    {
      "type": 2,
      "file": 1,
      "line": 23,
      "col": 7,
      "map": [
        {
          "key": {
            "type": 0,
            "file": 1,
            "line": 23,
            "col": 7,
            "lit": "NAMESPACE"
          },
          "value": {
            "type": 0,
            "file": 1,
            "line": 23,
            "col": 18,
            "lit": "cicd"
          }
        },
        {
          "key": {
            "type": 0,
            "file": 1,
            "line": 24,
            "col": 7,
            "lit": "BACKEND_DEPLOYMENT"
          },
          "value": {
            "type": 0,
            "file": 1,
            "line": 24,
            "col": 27,
            "lit": "cicd-backend"
          }
        },
        {
          "key": {
            "type": 0,
            "file": 1,
            "line": 25,
            "col": 7,
            "lit": "FRONTEND_DEPLOYMENT"
          },
          "value": {
            "type": 0,
            "file": 1,
            "line": 25,
            "col": 28,
            "lit": "cicd-frontend"
          }
        },
        {
          "key": {
            "type": 0,
            "file": 1,
            "line": 26,
            "col": 7,
            "lit": "BACKEND_CONTAINER"
          },
          "value": {
            "type": 0,
            "file": 1,
            "line": 26,
            "col": 26,
            "lit": "backend"
          }
        },
        {
          "key": {
            "type": 0,
            "file": 1,
            "line": 27,
            "col": 7,
            "lit": "FRONTEND_CONTAINER"
          },
          "value": {
            "type": 0,
            "file": 1,
            "line": 27,
            "col": 27,
            "lit": "frontend"
          }
        },
        {
          "key": {
            "type": 0,
            "file": 1,
            "line": 28,
            "col": 7,
            "lit": "BACKEND_IMAGE"
          },
          "value": {
            "type": 0,
            "file": 1,
            "line": 28,
            "col": 22,
            "lit": "ghcr.io/dineshkumarvhns23-hash/cicd-backend"
          }
        },
        {
          "key": {
            "type": 0,
            "file": 1,
            "line": 29,
            "col": 7,
            "lit": "FRONTEND_IMAGE"
          },
          "value": {
            "type": 0,
            "file": 1,
            "line": 29,
            "col": 23,
            "lit": "ghcr.io/dineshkumarvhns23-hash/cicd-frontend"
          }
        }
      ]
    }
  ],
  "fileTable": [
    ".github/workflows/cd.yml"
  ],
  "mask": [
    {
      "type": "regex",
      "value": "***"
    },
    {
      "type": "regex",
      "value": "***"
    },
    {
      "type": "regex",
      "value": "***"
    },
    {
      "type": "regex",
      "value": "***"
    },
    {
      "type": "regex",
      "value": "***"
    },
    {
      "type": "regex",
      "value": "***"
    },
    {
      "type": "regex",
      "value": "***"
    },
    {
      "type": "regex",
      "value": "***"
    },
    {
      "type": "regex",
      "value": "***"
    },
    {
      "type": "regex",
      "value": "***"
    },
    {
      "type": "regex",
      "value": "***"
    },
    {
      "type": "regex",
      "value": "***"
    },
    {
      "type": "regex",
      "value": "***"
    },
    {
      "type": "regex",
      "value": "***"
    },
    {
      "type": "regex",
      "value": "***"
    },
    {
      "type": "regex",
      "value": "***"
    },
    {
      "type": "regex",
      "value": "***"
    },
    {
      "type": "regex",
      "value": "***"
    },
    {
      "type": "regex",
      "value": "***"
    },
    {
      "type": "regex",
      "value": "***"
    },
    {
      "type": "regex",
      "value": "***"
    },
    {
      "type": "regex",
      "value": "***"
    },
    {
      "type": "regex",
      "value": "***"
    },
    {
      "type": "regex",
      "value": "***"
    }
  ],
  "steps": [
    {
      "type": "action",
      "reference": {
        "type": "repository",
        "name": "actions/checkout",
        "ref": "v4",
        "repositoryType": "GitHub"
      },
      "displayNameToken": {
        "type": 0,
        "file": 1,
        "line": 36,
        "col": 15,
        "lit": "Checkout source"
      },
      "contextName": "__actions_checkout",
      "inputs": {
        "type": 2,
        "file": 1,
        "line": 39,
        "col": 11,
        "map": [
          {
            "key": {
              "type": 0,
              "file": 1,
              "line": 39,
              "col": 11,
              "lit": "ref"
            },
            "value": {
              "type": 3,
              "file": 1,
              "line": 39,
              "col": 16,
              "expr": "github.event.workflow_run.head_sha"
            }
          }
        ]
      },
      "condition": "success()",
      "id": "a96dd026-efd9-473a-93df-d4302f982424",
      "name": "__actions_checkout"
    },
    {
      "type": "action",
      "reference": {
        "type": "script"
      },
      "displayNameToken": {
        "type": 0,
        "file": 1,
        "line": 44,
        "col": 15,
        "lit": "Display deployment information"
      },
      "contextName": "__run",
      "inputs": {
        "type": 2,
        "map": [
          {
            "key": "script",
            "value": {
              "type": 3,
              "file": 1,
              "line": 46,
              "col": 14,
              "expr": "format('Write-Host \"======================================\"\nWrite-Host \"Starting Kubernetes Deployment\"\nWrite-Host \"======================================\"\nWrite-Host \"Commit SHA: {0}\"\nWrite-Host \"Namespace: $env:NAMESPACE\"\nWrite-Host \"Backend Image: $env:BACKEND_IMAGE\"\nWrite-Host \"Frontend Image: $env:FRONTEND_IMAGE\"\nWrite-Host \"======================================\"\n', github.event.workflow_run.head_sha)"
            }
          },
          {
            "key": "shell",
            "value": {
              "type": 0,
              "file": 1,
              "line": 45,
              "col": 16,
              "lit": "powershell"
            }
          }
        ]
      },
      "condition": "success()",
      "id": "9d901175-8e74-4a97-bcf3-54976119d1a8",
      "name": "__run"
    },
    {
      "type": "action",
      "reference": {
        "type": "script"
      },
      "displayNameToken": {
        "type": 0,
        "file": 1,
        "line": 59,
        "col": 15,
        "lit": "Verify Kubernetes connection"
      },
      "contextName": "__run_2",
      "inputs": {
        "type": 2,
        "map": [
          {
            "key": "script",
            "value": {
              "type": 0,
              "file": 1,
              "line": 61,
              "col": 14,
              "lit": "kubectl version --client\nkubectl cluster-info\nkubectl get nodes\n"
            }
          },
          {
            "key": "shell",
            "value": {
              "type": 0,
              "file": 1,
              "line": 60,
              "col": 16,
              "lit": "powershell"
            }
          }
        ]
      },
      "condition": "success()",
      "id": "7eba6f91-bcc9-4188-8787-00b6dde7b2d5",
      "name": "__run_2"
    },
    {
      "type": "action",
      "reference": {
        "type": "script"
      },
      "displayNameToken": {
        "type": 0,
        "file": 1,
        "line": 69,
        "col": 15,
        "lit": "Verify CICD namespace"
      },
      "contextName": "__run_3",
      "inputs": {
        "type": 2,
        "map": [
          {
            "key": "script",
            "value": {
              "type": 0,
              "file": 1,
              "line": 71,
              "col": 14,
              "lit": "kubectl get namespace $env:NAMESPACE\n"
            }
          },
          {
            "key": "shell",
            "value": {
              "type": 0,
              "file": 1,
              "line": 70,
              "col": 16,
              "lit": "powershell"
            }
          }
        ]
      },
      "condition": "success()",
      "id": "20bab742-6cad-4635-89d8-e0cbbd2770e1",
      "name": "__run_3"
    },
    {
      "type": "action",
      "reference": {
        "type": "script"
      },
      "displayNameToken": {
        "type": 0,
        "file": 1,
        "line": 77,
        "col": 15,
        "lit": "Deploy backend"
      },
      "contextName": "__run_4",
      "environment": {
        "type": 2,
        "file": 1,
        "line": 80,
        "col": 11,
        "map": [
          {
            "key": {
              "type": 0,
              "file": 1,
              "line": 80,
              "col": 11,
              "lit": "IMAGE_TAG"
            },
            "value": {
              "type": 3,
              "file": 1,
              "line": 80,
              "col": 22,
              "expr": "github.event.workflow_run.head_sha"
            }
          }
        ]
      },
      "inputs": {
        "type": 2,
        "map": [
          {
            "key": "script",
            "value": {
              "type": 0,
              "file": 1,
              "line": 81,
              "col": 14,
              "lit": "$IMAGE = \"$env:BACKEND_IMAGE`:$env:IMAGE_TAG\"\n\nWrite-Host \"Deploying backend image:\"\nWrite-Host $IMAGE\n\nkubectl set image deployment/$env:BACKEND_DEPLOYMENT `\n  $env:BACKEND_CONTAINER=$IMAGE `\n  -n $env:NAMESPACE\n\nkubectl set env deployment/$env:BACKEND_DEPLOYMENT `\n  DEPLOYED_COMMIT=$env:IMAGE_TAG `\n  -n $env:NAMESPACE\n"
            }
          },
          {
            "key": "shell",
            "value": {
              "type": 0,
              "file": 1,
              "line": 78,
              "col": 16,
              "lit": "powershell"
            }
          }
        ]
      },
      "condition": "success()",
      "id": "c5a555d1-2467-4747-b901-b9567c05d2b7",
      "name": "__run_4"
    },
    {
      "type": "action",
      "reference": {
        "type": "script"
      },
      "displayNameToken": {
        "type": 0,
        "file": 1,
        "line": 98,
        "col": 15,
        "lit": "Deploy frontend"
      },
      "contextName": "__run_5",
      "environment": {
        "type": 2,
        "file": 1,
        "line": 101,
        "col": 11,
        "map": [
          {
            "key": {
              "type": 0,
              "file": 1,
              "line": 101,
              "col": 11,
              "lit": "IMAGE_TAG"
            },
            "value": {
              "type": 3,
              "file": 1,
              "line": 101,
              "col": 22,
              "expr": "github.event.workflow_run.head_sha"
            }
          }
        ]
      },
      "inputs": {
        "type": 2,
        "map": [
          {
            "key": "script",
            "value": {
              "type": 0,
              "file": 1,
              "line": 102,
              "col": 14,
              "lit": "$IMAGE = \"$env:FRONTEND_IMAGE`:$env:IMAGE_TAG\"\n\nWrite-Host \"Deploying frontend image:\"\nWrite-Host $IMAGE\n\nkubectl set image deployment/$env:FRONTEND_DEPLOYMENT `\n  $env:FRONTEND_CONTAINER=$IMAGE `\n  -n $env:NAMESPACE\n\nkubectl set env deployment/$env:FRONTEND_DEPLOYMENT `\n  DEPLOYED_COMMIT=$env:IMAGE_TAG `\n  -n $env:NAMESPACE\n"
            }
          },
          {
            "key": "shell",
            "value": {
              "type": 0,
              "file": 1,
              "line": 99,
              "col": 16,
              "lit": "powershell"
            }
          }
        ]
      },
      "condition": "success()",
      "id": "d8e15dc9-7d5d-43d8-ae10-07f2d65cc638",
      "name": "__run_5"
    },
    {
      "type": "action",
      "reference": {
        "type": "script"
      },
      "displayNameToken": {
        "type": 0,
        "file": 1,
        "line": 119,
        "col": 15,
        "lit": "Wait for backend rollout"
      },
      "contextName": "__run_6",
      "inputs": {
        "type": 2,
        "map": [
          {
            "key": "script",
            "value": {
              "type": 0,
              "file": 1,
              "line": 121,
              "col": 14,
              "lit": "kubectl rollout status `\n  deployment/$env:BACKEND_DEPLOYMENT `\n  -n $env:NAMESPACE `\n  --timeout=5m\n"
            }
          },
          {
            "key": "shell",
            "value": {
              "type": 0,
              "file": 1,
              "line": 120,
              "col": 16,
              "lit": "powershell"
            }
          }
        ]
      },
      "condition": "success()",
      "id": "13005851-a77b-467f-abdc-9f835870ad3f",
      "name": "__run_6"
    },
    {
      "type": "action",
      "reference": {
        "type": "script"
      },
      "displayNameToken": {
        "type": 0,
        "file": 1,
        "line": 130,
        "col": 15,
        "lit": "Wait for frontend rollout"
      },
      "contextName": "__run_7",
      "inputs": {
        "type": 2,
        "map": [
          {
            "key": "script",
            "value": {
              "type": 0,
              "file": 1,
              "line": 132,
              "col": 14,
              "lit": "kubectl rollout status `\n  deployment/$env:FRONTEND_DEPLOYMENT `\n  -n $env:NAMESPACE `\n  --timeout=5m\n"
            }
          },
          {
            "key": "shell",
            "value": {
              "type": 0,
              "file": 1,
              "line": 131,
              "col": 16,
              "lit": "powershell"
            }
          }
        ]
      },
      "condition": "success()",
      "id": "bd8bd3b1-a1f0-4fc8-a249-814a48198313",
      "name": "__run_7"
    },
    {
      "type": "action",
      "reference": {
        "type": "script"
      },
      "displayNameToken": {
        "type": 0,
        "file": 1,
        "line": 141,
        "col": 15,
        "lit": "Verify deployed images"
      },
      "contextName": "__run_8",
      "inputs": {
        "type": 2,
        "map": [
          {
            "key": "script",
            "value": {
              "type": 0,
              "file": 1,
              "line": 143,
              "col": 14,
              "lit": "Write-Host \"Backend image:\"\nkubectl get deployment $env:BACKEND_DEPLOYMENT `\n  -n $env:NAMESPACE `\n  -o jsonpath=\"{.spec.template.spec.containers[0].image}\"\n\nWrite-Host \"\"\n\nWrite-Host \"Frontend image:\"\nkubectl get deployment $env:FRONTEND_DEPLOYMENT `\n  -n $env:NAMESPACE `\n  -o jsonpath=\"{.spec.template.spec.containers[0].image}\"\n\nWrite-Host \"\"\n"
            }
          },
          {
            "key": "shell",
            "value": {
              "type": 0,
              "file": 1,
              "line": 142,
              "col": 16,
              "lit": "powershell"
            }
          }
        ]
      },
      "condition": "success()",
      "id": "47b54676-0ffa-4d78-b4e4-2f64bbc052d0",
      "name": "__run_8"
    },
    {
      "type": "action",
      "reference": {
        "type": "script"
      },
      "displayNameToken": {
        "type": 0,
        "file": 1,
        "line": 161,
        "col": 15,
        "lit": "Verify pods"
      },
      "contextName": "__run_9",
      "inputs": {
        "type": 2,
        "map": [
          {
            "key": "script",
            "value": {
              "type": 0,
              "file": 1,
              "line": 163,
              "col": 14,
              "lit": "kubectl get pods -n $env:NAMESPACE -o wide\n"
            }
          },
          {
            "key": "shell",
            "value": {
              "type": 0,
              "file": 1,
              "line": 162,
              "col": 16,
              "lit": "powershell"
            }
          }
        ]
      },
      "condition": "success()",
      "id": "66dc897c-f119-4c27-b409-a81e8f8ac8fe",
      "name": "__run_9"
    },
    {
      "type": "action",
      "reference": {
        "type": "script"
      },
      "displayNameToken": {
        "type": 0,
        "file": 1,
        "line": 169,
        "col": 15,
        "lit": "Deployment completed"
      },
      "contextName": "__run_10",
      "inputs": {
        "type": 2,
        "map": [
          {
            "key": "script",
            "value": {
              "type": 3,
              "file": 1,
              "line": 171,
              "col": 14,
              "expr": "format('Write-Host \"======================================\"\nWrite-Host \"CD DEPLOYMENT SUCCESSFUL\"\nWrite-Host \"======================================\"\nWrite-Host \"Commit: {0}\"\nWrite-Host \"Backend: $env:BACKEND_IMAGE:{1}\"\nWrite-Host \"Frontend: $env:FRONTEND_IMAGE:{2}\"\nWrite-Host \"======================================\"', github.event.workflow_run.head_sha, github.event.workflow_run.head_sha, github.event.workflow_run.head_sha)"
            }
          },
          {
            "key": "shell",
            "value": {
              "type": 0,
              "file": 1,
              "line": 170,
              "col": 16,
              "lit": "powershell"
            }
          }
        ]
      },
      "condition": "success()",
      "id": "c55a0ea2-6edc-4170-a943-d2178dfbd7a8",
      "name": "__run_10"
    }
  ],
  "variables": {
    "Actions.EnableHttpRedirects": {
      "value": "true"
    },
    "DistributedTask.AddWarningToNode12Action": {
      "value": "true"
    },
    "DistributedTask.AddWarningToNode16Action": {
      "value": "true"
    },
    "DistributedTask.AllowRunnerContainerHooks": {
      "value": "true"
    },
    "DistributedTask.DeprecateStepOutputCommands": {
      "value": "true"
    },
    "DistributedTask.DetailUntarFailure": {
      "value": "true"
    },
    "DistributedTask.EnableCompositeActions": {
      "value": "true"
    },
    "DistributedTask.EnableJobServerQueueTelemetry": {
      "value": "true"
    },
    "DistributedTask.EnhancedAnnotations": {
      "value": "true"
    },
    "DistributedTask.ForceGithubJavascriptActionsToNode16": {
      "value": "true"
    },
    "DistributedTask.ForceGithubJavascriptActionsToNode20": {
      "value": "true"
    },
    "DistributedTask.LogTemplateErrorsAsDebugMessages": {
      "value": "true"
    },
    "DistributedTask.MarkJobAsFailedOnWorkerCrash": {
      "value": "true"
    },
    "DistributedTask.NewActionMetadata": {
      "value": "true"
    },
    "DistributedTask.UploadStepSummary": {
      "value": "true"
    },
    "DistributedTask.UseActionArchiveCache": {
      "value": "true"
    },
    "DistributedTask.UseWhich2": {
      "value": "true"
    },
    "RunService.FixEmbeddedIssues": {
      "value": "true"
    },
    "actions.runner.requirenode24": {
      "value": "false"
    },
    "actions.runner.usenode24bydefault": {
      "value": "true"
    },
    "actions.runner.warnonnode20": {
      "value": "true"
    },
    "actions_add_check_run_id_to_job_context": {
      "value": "true"
    },
    "actions_batch_action_resolution": {
      "value": "false"
    },
    "actions_container_action_runner_temp": {
      "value": "true"
    },
    "actions_display_helpful_actions_download_errors": {
      "value": "true"
    },
    "actions_runner_allow_artifacts_file": {
      "value": "false"
    },
    "actions_runner_compare_workflow_parser": {
      "value": "false"
    },
    "actions_runner_deprecate_linux_arm32": {
      "value": "true"
    },
    "actions_runner_emit_composite_markers": {
      "value": "true"
    },
    "actions_runner_kill_linux_arm32": {
      "value": "false"
    },
    "actions_runner_node20_removal_date": {
      "value": ""
    },
    "actions_runner_node24_default_date": {
      "value": "June 16th, 2026"
    },
    "actions_self_repository": {
      "value": "true"
    },
    "actions_service_container_command": {
      "value": "true"
    },
    "actions_set_orchestration_id_env_for_actions": {
      "value": "true"
    },
    "actions_skip_retry_complete_job_upon_known_errors": {
      "value": "true"
    },
    "actions_snapshot_preflight_hosted_runner_check": {
      "value": "false"
    },
    "actions_snapshot_preflight_image_gen_pool_check": {
      "value": "false"
    },
    "actions_use_bearer_token_for_codeload": {
      "value": "false"
    },
    "actions_uses_cache_service_v2": {
      "value": "true"
    },
    "github_token": {
      "value": "***",
      "isSecret": true
    },
    "system.from_run_service": {
      "value": "true"
    },
    "system.github.job": {
      "value": "deploy"
    },
    "system.github.launch_endpoint": {
      "value": "https://launch.actions.githubusercontent.com"
    },
    "system.github.results_endpoint": {
      "value": "https://results-receiver.actions.githubusercontent.com/"
    },
    "system.github.results_upload_with_sdk": {
      "value": "true"
    },
    "system.github.token": {
      "value": "***",
      "isSecret": true
    },
    "system.github.token.permissions": {
      "value": "{\"Contents\":\"read\",\"Metadata\":\"read\"}"
    },
    "system.orchestrationId": {
      "value": "e96ba536-905e-4f28-8814-8c89d94cd3f9.deploy.__default"
    },
    "system.phaseDisplayName": {
      "value": "Deploy to Local Kubernetes"
    },
    "system.runner.lowdiskspacethreshold": {
      "value": "100"
    },
    "system.runnerEnvironment": {
      "value": "self-hosted"
    },
    "system.runnerGroupName": {
      "value": "Default"
    }
  },
  "messageType": "RunnerJobRequest",
  "plan": {
    "scopeIdentifier": "00000000-0000-0000-0000-000000000000",
    "planType": "actions",
    "version": 0,
    "planId": "e96ba536-905e-4f28-8814-8c89d94cd3f9",
    "planGroup": null,
    "artifactUri": null,
    "artifactLocation": null,
    "definition": null,
    "owner": null
  },
  "timeline": {
    "id": "e96ba536-905e-4f28-8814-8c89d94cd3f9",
    "changeId": 0,
    "location": null
  },
  "jobId": "36469999-4296-5875-8d61-ea78734ef01e",
  "jobDisplayName": "Deploy to Local Kubernetes",
  "jobName": "__default",
  "requestId": 0,
  "lockedUntil": "0001-01-01T00:00:00",
  "resources": {
    "endpoints": [
      {
        "data": {
          "ServerId": "",
          "ServerName": "",
          "CacheServerUrl": "https://artifactcache.actions.githubusercontent.com/Nz679XDrPKyjXW1zOwARCiXFcBTlm3ZNDBEQYjrFZsujaHxBea/",
          "FeedStreamUrl": "wss://results-receiver.actions.githubusercontent.com/_ws/ingest.sock",
          "ResultsServiceUrl": "https://results-receiver.actions.githubusercontent.com/",
          "PipelinesServiceUrl": "https://pipelinesghubeus15.actions.githubusercontent.com/Nz679XDrPKyjXW1zOwARCiXFcBTlm3ZNDBEQYjrFZsujaHxBea/",
          "GenerateIdTokenUrl": "",
          "ConnectivityChecks": "[\"https://broker.actions.githubusercontent.com/health\",\"https://token.actions.githubusercontent.com/ready\",\"https://run.actions.githubusercontent.com/health\"]",
          "ConnectivityAndDNSChecks": ""
        },
        "name": "SystemVssConnection",
        "url": "https://run-actions-2-azure-eastus.actions.githubusercontent.com/221/",
        "authorization": {
          "parameters": {
            "AccessToken": "***"
          },
          "scheme": "OAuth"
        },
        "isShared": false,
        "isReady": true
      }
    ]
  },
  "contextData": {
    "github": {
      "t": 2,
      "d": [
        {
          "k": "ref",
          "v": "refs/heads/main"
        },
        {
          "k": "sha",
          "v": "944a9e58da49379e6ad9a31d1de376d603ed518e"
        },
        {
          "k": "repository",
          "v": "dineshkumarvhns23-hash/CICD"
        },
        {
          "k": "repository_owner",
          "v": "dineshkumarvhns23-hash"
        },
        {
          "k": "repository_owner_id",
          "v": "277725335"
        },
        {
          "k": "repositoryUrl",
          "v": "git://github.com/dineshkumarvhns23-hash/CICD.git"
        },
        {
          "k": "run_id",
          "v": "33859118627"
        },
        {
          "k": "run_number",
          "v": "6"
        },
        {
          "k": "retention_days",
          "v": "90"
        },
        {
          "k": "run_attempt",
          "v": "1"
        },
        {
          "k": "artifact_cache_size_limit",
          "v": "10"
        },
        {
          "k": "repository_visibility",
          "v": "public"
        },
        {
          "k": "actor_id",
          "v": "277725335"
        },
        {
          "k": "actor",
          "v": "dineshkumarvhns23-hash"
        },
        {
          "k": "workflow",
          "v": "CD"
        },
        {
          "k": "head_ref",
          "v": ""
        },
        {
          "k": "base_ref",
          "v": ""
        },
        {
          "k": "event_name",
          "v": "workflow_run"
        },
        {
          "k": "server_url",
          "v": "https://github.com"
        },
        {
          "k": "api_url",
          "v": "https://api.github.com"
        },
        {
          "k": "graphql_url",
          "v": "https://api.github.com/graphql"
        },
        {
          "k": "ref_name",
          "v": "main"
        },
        {
          "k": "ref_protected",
          "v": false
        },
        {
          "k": "ref_type",
          "v": "branch"
        },
        {
          "k": "secret_source",
          "v": "Actions"
        },
        {
          "k": "event",
          "v": {
            "t": 2,
            "d": [
              {
                "k": "action",
                "v": "completed"
              },
              {
                "k": "repository",
                "v": {
                  "t": 2,
                  "d": [
                    {
                      "k": "allow_forking",
                      "v": true
                    },
                    {
                      "k": "archive_url",
                      "v": "https://api.github.com/repos/dineshkumarvhns23-hash/CICD/{archive_format}{/ref}"
                    },
                    {
                      "k": "archived",
                      "v": false
                    },
                    {
                      "k": "assignees_url",
                      "v": "https://api.github.com/repos/dineshkumarvhns23-hash/CICD/assignees{/user}"
                    },
                    {
                      "k": "blobs_url",
                      "v": "https://api.github.com/repos/dineshkumarvhns23-hash/CICD/git/blobs{/sha}"
                    },
                    {
                      "k": "branches_url",
                      "v": "https://api.github.com/repos/dineshkumarvhns23-hash/CICD/branches{/branch}"
                    },
                    {
                      "k": "clone_url",
                      "v": "https://github.com/dineshkumarvhns23-hash/CICD.git"
                    },
                    {
                      "k": "collaborators_url",
                      "v": "https://api.github.com/repos/dineshkumarvhns23-hash/CICD/collaborators{/collaborator}"
                    },
                    {
                      "k": "comments_url",
                      "v": "https://api.github.com/repos/dineshkumarvhns23-hash/CICD/comments{/number}"
                    },
                    {
                      "k": "commits_url",
                      "v": "https://api.github.com/repos/dineshkumarvhns23-hash/CICD/commits{/sha}"
                    },
                    {
                      "k": "compare_url",
                      "v": "https://api.github.com/repos/dineshkumarvhns23-hash/CICD/compare/{base}...{head}"
                    },
                    {
                      "k": "contents_url",
                      "v": "https://api.github.com/repos/dineshkumarvhns23-hash/CICD/contents/{+path}"
                    },
                    {
                      "k": "contributors_url",
                      "v": "https://api.github.com/repos/dineshkumarvhns23-hash/CICD/contributors"
                    },
                    {
                      "k": "created_at",
                      "v": "2026-09-03T11:41:12Z"
                    },
                    {
                      "k": "default_branch",
                      "v": "main"
                    },
                    {
                      "k": "deployments_url",
                      "v": "https://api.github.com/repos/dineshkumarvhns23-hash/CICD/deployments"
                    },
                    {
                      "k": "description",
                      "v": null
                    },
                    {
                      "k": "disabled",
                      "v": false
                    },
                    {
                      "k": "downloads_url",
                      "v": "https://api.github.com/repos/dineshkumarvhns23-hash/CICD/downloads"
                    },
                    {
                      "k": "events_url",
                      "v": "https://api.github.com/repos/dineshkumarvhns23-hash/CICD/events"
                    },
                    {
                      "k": "fork",
                      "v": false
                    },
                    {
                      "k": "forks",
                      "v": 0.0
                    },
                    {
                      "k": "forks_count",
                      "v": 0.0
                    },
                    {
                      "k": "forks_url",
                      "v": "https://api.github.com/repos/dineshkumarvhns23-hash/CICD/forks"
                    },
                    {
                      "k": "full_name",
                      "v": "dineshkumarvhns23-hash/CICD"
                    },
                    {
                      "k": "git_commits_url",
                      "v": "https://api.github.com/repos/dineshkumarvhns23-hash/CICD/git/commits{/sha}"
                    },
                    {
                      "k": "git_refs_url",
                      "v": "https://api.github.com/repos/dineshkumarvhns23-hash/CICD/git/refs{/sha}"
                    },
                    {
                      "k": "git_tags_url",
                      "v": "https://api.github.com/repos/dineshkumarvhns23-hash/CICD/git/tags{/sha}"
                    },
                    {
                      "k": "git_url",
                      "v": "git://github.com/dineshkumarvhns23-hash/CICD.git"
                    },
                    {
                      "k": "has_discussions",
                      "v": false
                    },
                    {
                      "k": "has_downloads",
                      "v": false
                    },
                    {
                      "k": "has_issues",
                      "v": true
                    },
                    {
                      "k": "has_pages",
                      "v": false
                    },
                    {
                      "k": "has_projects",
                      "v": true
                    },
                    {
                      "k": "has_pull_requests",
                      "v": true
                    },
                    {
                      "k": "has_wiki",
                      "v": true
                    },
                    {
                      "k": "homepage",
                      "v": null
                    },
                    {
                      "k": "hooks_url",
                      "v": "https://api.github.com/repos/dineshkumarvhns23-hash/CICD/hooks"
                    },
                    {
                      "k": "html_url",
                      "v": "https://github.com/dineshkumarvhns23-hash/CICD"
                    },
                    {
                      "k": "id",
                      "v": 1355899849.0
                    },
                    {
                      "k": "is_template",
                      "v": false
                    },
                    {
                      "k": "issue_comment_url",
                      "v": "https://api.github.com/repos/dineshkumarvhns23-hash/CICD/issues/comments{/number}"
                    },
                    {
                      "k": "issue_events_url",
                      "v": "https://api.github.com/repos/dineshkumarvhns23-hash/CICD/issues/events{/number}"
                    },
                    {
                      "k": "issues_url",
                      "v": "https://api.github.com/repos/dineshkumarvhns23-hash/CICD/issues{/number}"
                    },
                    {
                      "k": "keys_url",
                      "v": "https://api.github.com/repos/dineshkumarvhns23-hash/CICD/keys{/key_id}"
                    },
                    {
                      "k": "labels_url",
                      "v": "https://api.github.com/repos/dineshkumarvhns23-hash/CICD/labels{/name}"
                    },
                    {
                      "k": "language",
                      "v": "JavaScript"
                    },
                    {
                      "k": "languages_url",
                      "v": "https://api.github.com/repos/dineshkumarvhns23-hash/CICD/languages"
                    },
                    {
                      "k": "license",
                      "v": null
                    },
                    {
                      "k": "merges_url",
                      "v": "https://api.github.com/repos/dineshkumarvhns23-hash/CICD/merges"
                    },
                    {
                      "k": "milestones_url",
                      "v": "https://api.github.com/repos/dineshkumarvhns23-hash/CICD/milestones{/number}"
                    },
                    {
                      "k": "mirror_url",
                      "v": null
                    },
                    {
                      "k": "name",
                      "v": "CICD"
                    },
                    {
                      "k": "node_id",
                      "v": "R_kgDOUNFjyQ"
                    },
                    {
                      "k": "notifications_url",
                      "v": "https://api.github.com/repos/dineshkumarvhns23-hash/CICD/notifications{?since,all,participating}"
                    },
                    {
                      "k": "open_issues",
                      "v": 0.0
                    },
                    {
                      "k": "open_issues_count",
                      "v": 0.0
                    },
                    {
                      "k": "owner",
                      "v": {
                        "t": 2,
                        "d": [
                          {
                            "k": "avatar_url",
                            "v": "https://avatars.githubusercontent.com/u/277725335?v=4"
                          },
                          {
                            "k": "events_url",
                            "v": "https://api.github.com/users/dineshkumarvhns23-hash/events{/privacy}"
                          },
                          {
                            "k": "followers_url",
                            "v": "https://api.github.com/users/dineshkumarvhns23-hash/followers"
                          },
                          {
                            "k": "following_url",
                            "v": "https://api.github.com/users/dineshkumarvhns23-hash/following{/other_user}"
                          },
                          {
                            "k": "gists_url",
                            "v": "https://api.github.com/users/dineshkumarvhns23-hash/gists{/gist_id}"
                          },
                          {
                            "k": "gravatar_id",
                            "v": ""
                          },
                          {
                            "k": "html_url",
                            "v": "https://github.com/dineshkumarvhns23-hash"
                          },
                          {
                            "k": "id",
                            "v": 277725335.0
                          },
                          {
                            "k": "login",
                            "v": "dineshkumarvhns23-hash"
                          },
                          {
                            "k": "node_id",
                            "v": "U_kgDOEI3Alw"
                          },
                          {
                            "k": "organizations_url",
                            "v": "https://api.github.com/users/dineshkumarvhns23-hash/orgs"
                          },
                          {
                            "k": "received_events_url",
                            "v": "https://api.github.com/users/dineshkumarvhns23-hash/received_events"
                          },
                          {
                            "k": "repos_url",
                            "v": "https://api.github.com/users/dineshkumarvhns23-hash/repos"
                          },
                          {
                            "k": "site_admin",
                            "v": false
                          },
                          {
                            "k": "starred_url",
                            "v": "https://api.github.com/users/dineshkumarvhns23-hash/starred{/owner}{/repo}"
                          },
                          {
                            "k": "subscriptions_url",
                            "v": "https://api.github.com/users/dineshkumarvhns23-hash/subscriptions"
                          },
                          {
                            "k": "type",
                            "v": "User"
                          },
                          {
                            "k": "url",
                            "v": "https://api.github.com/users/dineshkumarvhns23-hash"
                          },
                          {
                            "k": "user_view_type",
                            "v": "public"
                          }
                        ]
                      }
                    },
                    {
                      "k": "private",
                      "v": false
                    },
                    {
                      "k": "pull_request_creation_policy",
                      "v": "all"
                    },
                    {
                      "k": "pulls_url",
                      "v": "https://api.github.com/repos/dineshkumarvhns23-hash/CICD/pulls{/number}"
                    },
                    {
                      "k": "pushed_at",
                      "v": "2026-09-04T09:31:50Z"
                    },
                    {
                      "k": "releases_url",
                      "v": "https://api.github.com/repos/dineshkumarvhns23-hash/CICD/releases{/id}"
                    },
                    {
                      "k": "size",
                      "v": 33.0
                    },
                    {
                      "k": "ssh_url",
                      "v": "git@github.com:dineshkumarvhns23-hash/CICD.git"
                    },
                    {
                      "k": "stargazers_count",
                      "v": 0.0
                    },
                    {
                      "k": "stargazers_url",
                      "v": "https://api.github.com/repos/dineshkumarvhns23-hash/CICD/stargazers"
                    },
                    {
                      "k": "statuses_url",
                      "v": "https://api.github.com/repos/dineshkumarvhns23-hash/CICD/statuses/{sha}"
                    },
                    {
                      "k": "subscribers_url",
                      "v": "https://api.github.com/repos/dineshkumarvhns23-hash/CICD/subscribers"
                    },
                    {
                      "k": "subscription_url",
                      "v": "https://api.github.com/repos/dineshkumarvhns23-hash/CICD/subscription"
                    },
                    {
                      "k": "svn_url",
                      "v": "https://github.com/dineshkumarvhns23-hash/CICD"
                    },
                    {
                      "k": "tags_url",
                      "v": "https://api.github.com/repos/dineshkumarvhns23-hash/CICD/tags"
                    },
                    {
                      "k": "teams_url",
                      "v": "https://api.github.com/repos/dineshkumarvhns23-hash/CICD/teams"
                    },
                    {
                      "k": "topics",
                      "v": {
                        "t": 1
                      }
                    },
                    {
                      "k": "trees_url",
                      "v": "https://api.github.com/repos/dineshkumarvhns23-hash/CICD/git/trees{/sha}"
                    },
                    {
                      "k": "updated_at",
                      "v": "2026-09-04T09:32:21Z"
                    },
                    {
                      "k": "url",
                      "v": "https://api.github.com/repos/dineshkumarvhns23-hash/CICD"
                    },
                    {
                      "k": "visibility",
                      "v": "public"
                    },
                    {
                      "k": "watchers",
                      "v": 0.0
                    },
                    {
                      "k": "watchers_count",
                      "v": 0.0
                    },
                    {
                      "k": "web_commit_signoff_required",
                      "v": false
                    }
                  ]
                }
              },
              {
                "k": "sender",
                "v": {
                  "t": 2,
                  "d": [
                    {
                      "k": "avatar_url",
                      "v": "https://avatars.githubusercontent.com/u/277725335?v=4"
                    },
                    {
                      "k": "events_url",
                      "v": "https://api.github.com/users/dineshkumarvhns23-hash/events{/privacy}"
                    },
                    {
                      "k": "followers_url",
                      "v": "https://api.github.com/users/dineshkumarvhns23-hash/followers"
                    },
                    {
                      "k": "following_url",
                      "v": "https://api.github.com/users/dineshkumarvhns23-hash/following{/other_user}"
                    },
                    {
                      "k": "gists_url",
                      "v": "https://api.github.com/users/dineshkumarvhns23-hash/gists{/gist_id}"
                    },
                    {
                      "k": "gravatar_id",
                      "v": ""
                    },
                    {
                      "k": "html_url",
                      "v": "https://github.com/dineshkumarvhns23-hash"
                    },
                    {
                      "k": "id",
                      "v": 277725335.0
                    },
                    {
                      "k": "login",
                      "v": "dineshkumarvhns23-hash"
                    },
                    {
                      "k": "node_id",
                      "v": "U_kgDOEI3Alw"
                    },
                    {
                      "k": "organizations_url",
                      "v": "https://api.github.com/users/dineshkumarvhns23-hash/orgs"
                    },
                    {
                      "k": "received_events_url",
                      "v": "https://api.github.com/users/dineshkumarvhns23-hash/received_events"
                    },
                    {
                      "k": "repos_url",
                      "v": "https://api.github.com/users/dineshkumarvhns23-hash/repos"
                    },
                    {
                      "k": "site_admin",
                      "v": false
                    },
                    {
                      "k": "starred_url",
                      "v": "https://api.github.com/users/dineshkumarvhns23-hash/starred{/owner}{/repo}"
                    },
                    {
                      "k": "subscriptions_url",
                      "v": "https://api.github.com/users/dineshkumarvhns23-hash/subscriptions"
                    },
                    {
                      "k": "type",
                      "v": "User"
                    },
                    {
                      "k": "url",
                      "v": "https://api.github.com/users/dineshkumarvhns23-hash"
                    },
                    {
                      "k": "user_view_type",
                      "v": "public"
                    }
                  ]
                }
              },
              {
                "k": "workflow",
                "v": {
                  "t": 2,
                  "d": [
                    {
                      "k": "badge_url",
                      "v": "https://github.com/dineshkumarvhns23-hash/CICD/workflows/CI/badge.svg"
                    },
                    {
                      "k": "created_at",
                      "v": "2026-09-04T07:48:34.000Z"
                    },
                    {
                      "k": "html_url",
                      "v": "https://github.com/dineshkumarvhns23-hash/CICD/blob/main/.github/workflows/ci.yml"
                    },
                    {
                      "k": "id",
                      "v": 349987831.0
                    },
                    {
                      "k": "name",
                      "v": "CI"
                    },
                    {
                      "k": "node_id",
                      "v": "W_kwDOUNFjyc4U3GP3"
                    },
                    {
                      "k": "path",
                      "v": ".github/workflows/ci.yml"
                    },
                    {
                      "k": "state",
                      "v": "active"
                    },
                    {
                      "k": "updated_at",
                      "v": "2026-09-04T08:43:35.000Z"
                    },
                    {
                      "k": "url",
                      "v": "https://api.github.com/repos/dineshkumarvhns23-hash/CICD/actions/workflows/349987831"
                    }
                  ]
                }
              },
              {
                "k": "workflow_run",
                "v": {
                  "t": 2,
                  "d": [
                    {
                      "k": "actor",
                      "v": {
                        "t": 2,
                        "d": [
                          {
                            "k": "avatar_url",
                            "v": "https://avatars.githubusercontent.com/u/277725335?v=4"
                          },
                          {
                            "k": "events_url",
                            "v": "https://api.github.com/users/dineshkumarvhns23-hash/events{/privacy}"
                          },
                          {
                            "k": "followers_url",
                            "v": "https://api.github.com/users/dineshkumarvhns23-hash/followers"
                          },
                          {
                            "k": "following_url",
                            "v": "https://api.github.com/users/dineshkumarvhns23-hash/following{/other_user}"
                          },
                          {
                            "k": "gists_url",
                            "v": "https://api.github.com/users/dineshkumarvhns23-hash/gists{/gist_id}"
                          },
                          {
                            "k": "gravatar_id",
                            "v": ""
                          },
                          {
                            "k": "html_url",
                            "v": "https://github.com/dineshkumarvhns23-hash"
                          },
                          {
                            "k": "id",
                            "v": 277725335.0
                          },
                          {
                            "k": "login",
                            "v": "dineshkumarvhns23-hash"
                          },
                          {
                            "k": "node_id",
                            "v": "U_kgDOEI3Alw"
                          },
                          {
                            "k": "organizations_url",
                            "v": "https://api.github.com/users/dineshkumarvhns23-hash/orgs"
                          },
                          {
                            "k": "received_events_url",
                            "v": "https://api.github.com/users/dineshkumarvhns23-hash/received_events"
                          },
                          {
                            "k": "repos_url",
                            "v": "https://api.github.com/users/dineshkumarvhns23-hash/repos"
                          },
                          {
                            "k": "site_admin",
                            "v": false
                          },
                          {
                            "k": "starred_url",
                            "v": "https://api.github.com/users/dineshkumarvhns23-hash/starred{/owner}{/repo}"
                          },
                          {
                            "k": "subscriptions_url",
                            "v": "https://api.github.com/users/dineshkumarvhns23-hash/subscriptions"
                          },
                          {
                            "k": "type",
                            "v": "User"
                          },
                          {
                            "k": "url",
                            "v": "https://api.github.com/users/dineshkumarvhns23-hash"
                          },
                          {
                            "k": "user_view_type",
                            "v": "public"
                          }
                        ]
                      }
                    },
                    {
                      "k": "artifacts_url",
                      "v": "https://api.github.com/repos/dineshkumarvhns23-hash/CICD/actions/runs/33858800554/artifacts"
                    },
                    {
                      "k": "cancel_url",
                      "v": "https://api.github.com/repos/dineshkumarvhns23-hash/CICD/actions/runs/33858800554/cancel"
                    },
                    {
                      "k": "check_suite_id",
                      "v": 91760078658.0
                    },
                    {
                      "k": "check_suite_node_id",
                      "v": "CS_kwDOUNFjyc8AAAAVXVOvQg"
                    },
                    {
                      "k": "check_suite_url",
                      "v": "https://api.github.com/repos/dineshkumarvhns23-hash/CICD/check-suites/91760078658"
                    },
                    {
                      "k": "conclusion",
                      "v": "success"
                    },
                    {
                      "k": "created_at",
                      "v": "2026-09-04T09:31:52Z"
                    },
                    {
                      "k": "display_title",
                      "v": "CD Deployement"
                    },
                    {
                      "k": "event",
                      "v": "push"
                    },
                    {
                      "k": "head_branch",
                      "v": "main"
                    },
                    {
                      "k": "head_commit",
                      "v": {
                        "t": 2,
                        "d": [
                          {
                            "k": "author",
                            "v": {
                              "t": 2,
                              "d": [
                                {
                                  "k": "email",
                                  "v": "thennarasuv@hns.com"
                                },
                                {
                                  "k": "name",
                                  "v": "Thennarasu V."
                                }
                              ]
                            }
                          },
                          {
                            "k": "committer",
                            "v": {
                              "t": 2,
                              "d": [
                                {
                                  "k": "email",
                                  "v": "thennarasuv@hns.com"
                                },
                                {
                                  "k": "name",
                                  "v": "Thennarasu V."
                                }
                              ]
                            }
                          },
                          {
                            "k": "id",
                            "v": "944a9e58da49379e6ad9a31d1de376d603ed518e"
                          },
                          {
                            "k": "message",
                            "v": "CD Deployement"
                          },
                          {
                            "k": "timestamp",
                            "v": "2026-09-04T09:31:42Z"
                          },
                          {
                            "k": "tree_id",
                            "v": "a8828eda12d06c853930f92c9eaa8e6e695340e9"
                          }
                        ]
                      }
                    },
                    {
                      "k": "head_repository",
                      "v": {
                        "t": 2,
                        "d": [
                          {
                            "k": "archive_url",
                            "v": "https://api.github.com/repos/dineshkumarvhns23-hash/CICD/{archive_format}{/ref}"
                          },
                          {
                            "k": "assignees_url",
                            "v": "https://api.github.com/repos/dineshkumarvhns23-hash/CICD/assignees{/user}"
                          },
                          {
                            "k": "blobs_url",
                            "v": "https://api.github.com/repos/dineshkumarvhns23-hash/CICD/git/blobs{/sha}"
                          },
                          {
                            "k": "branches_url",
                            "v": "https://api.github.com/repos/dineshkumarvhns23-hash/CICD/branches{/branch}"
                          },
                          {
                            "k": "collaborators_url",
                            "v": "https://api.github.com/repos/dineshkumarvhns23-hash/CICD/collaborators{/collaborator}"
                          },
                          {
                            "k": "comments_url",
                            "v": "https://api.github.com/repos/dineshkumarvhns23-hash/CICD/comments{/number}"
                          },
                          {
                            "k": "commits_url",
                            "v": "https://api.github.com/repos/dineshkumarvhns23-hash/CICD/commits{/sha}"
                          },
                          {
                            "k": "compare_url",
                            "v": "https://api.github.com/repos/dineshkumarvhns23-hash/CICD/compare/{base}...{head}"
                          },
                          {
                            "k": "contents_url",
                            "v": "https://api.github.com/repos/dineshkumarvhns23-hash/CICD/contents/{+path}"
                          },
                          {
                            "k": "contributors_url",
                            "v": "https://api.github.com/repos/dineshkumarvhns23-hash/CICD/contributors"
                          },
                          {
                            "k": "deployments_url",
                            "v": "https://api.github.com/repos/dineshkumarvhns23-hash/CICD/deployments"
                          },
                          {
                            "k": "description",
                            "v": null
                          },
                          {
                            "k": "downloads_url",
                            "v": "https://api.github.com/repos/dineshkumarvhns23-hash/CICD/downloads"
                          },
                          {
                            "k": "events_url",
                            "v": "https://api.github.com/repos/dineshkumarvhns23-hash/CICD/events"
                          },
                          {
                            "k": "fork",
                            "v": false
                          },
                          {
                            "k": "forks_url",
                            "v": "https://api.github.com/repos/dineshkumarvhns23-hash/CICD/forks"
                          },
                          {
                            "k": "full_name",
                            "v": "dineshkumarvhns23-hash/CICD"
                          },
                          {
                            "k": "git_commits_url",
                            "v": "https://api.github.com/repos/dineshkumarvhns23-hash/CICD/git/commits{/sha}"
                          },
                          {
                            "k": "git_refs_url",
                            "v": "https://api.github.com/repos/dineshkumarvhns23-hash/CICD/git/refs{/sha}"
                          },
                          {
                            "k": "git_tags_url",
                            "v": "https://api.github.com/repos/dineshkumarvhns23-hash/CICD/git/tags{/sha}"
                          },
                          {
                            "k": "hooks_url",
                            "v": "https://api.github.com/repos/dineshkumarvhns23-hash/CICD/hooks"
                          },
                          {
                            "k": "html_url",
                            "v": "https://github.com/dineshkumarvhns23-hash/CICD"
                          },
                          {
                            "k": "id",
                            "v": 1355899849.0
                          },
                          {
                            "k": "issue_comment_url",
                            "v": "https://api.github.com/repos/dineshkumarvhns23-hash/CICD/issues/comments{/number}"
                          },
                          {
                            "k": "issue_events_url",
                            "v": "https://api.github.com/repos/dineshkumarvhns23-hash/CICD/issues/events{/number}"
                          },
                          {
                            "k": "issues_url",
                            "v": "https://api.github.com/repos/dineshkumarvhns23-hash/CICD/issues{/number}"
                          },
                          {
                            "k": "keys_url",
                            "v": "https://api.github.com/repos/dineshkumarvhns23-hash/CICD/keys{/key_id}"
                          },
                          {
                            "k": "labels_url",
                            "v": "https://api.github.com/repos/dineshkumarvhns23-hash/CICD/labels{/name}"
                          },
                          {
                            "k": "languages_url",
                            "v": "https://api.github.com/repos/dineshkumarvhns23-hash/CICD/languages"
                          },
                          {
                            "k": "merges_url",
                            "v": "https://api.github.com/repos/dineshkumarvhns23-hash/CICD/merges"
                          },
                          {
                            "k": "milestones_url",
                            "v": "https://api.github.com/repos/dineshkumarvhns23-hash/CICD/milestones{/number}"
                          },
                          {
                            "k": "name",
                            "v": "CICD"
                          },
                          {
                            "k": "node_id",
                            "v": "R_kgDOUNFjyQ"
                          },
                          {
                            "k": "notifications_url",
                            "v": "https://api.github.com/repos/dineshkumarvhns23-hash/CICD/notifications{?since,all,participating}"
                          },
                          {
                            "k": "owner",
                            "v": {
                              "t": 2,
                              "d": [
                                {
                                  "k": "avatar_url",
                                  "v": "https://avatars.githubusercontent.com/u/277725335?v=4"
                                },
                                {
                                  "k": "events_url",
                                  "v": "https://api.github.com/users/dineshkumarvhns23-hash/events{/privacy}"
                                },
                                {
                                  "k": "followers_url",
                                  "v": "https://api.github.com/users/dineshkumarvhns23-hash/followers"
                                },
                                {
                                  "k": "following_url",
                                  "v": "https://api.github.com/users/dineshkumarvhns23-hash/following{/other_user}"
                                },
                                {
                                  "k": "gists_url",
                                  "v": "https://api.github.com/users/dineshkumarvhns23-hash/gists{/gist_id}"
                                },
                                {
                                  "k": "gravatar_id",
                                  "v": ""
                                },
                                {
                                  "k": "html_url",
                                  "v": "https://github.com/dineshkumarvhns23-hash"
                                },
                                {
                                  "k": "id",
                                  "v": 277725335.0
                                },
                                {
                                  "k": "login",
                                  "v": "dineshkumarvhns23-hash"
                                },
                                {
                                  "k": "node_id",
                                  "v": "U_kgDOEI3Alw"
                                },
                                {
                                  "k": "organizations_url",
                                  "v": "https://api.github.com/users/dineshkumarvhns23-hash/orgs"
                                },
                                {
                                  "k": "received_events_url",
                                  "v": "https://api.github.com/users/dineshkumarvhns23-hash/received_events"
                                },
                                {
                                  "k": "repos_url",
                                  "v": "https://api.github.com/users/dineshkumarvhns23-hash/repos"
                                },
                                {
                                  "k": "site_admin",
                                  "v": false
                                },
                                {
                                  "k": "starred_url",
                                  "v": "https://api.github.com/users/dineshkumarvhns23-hash/starred{/owner}{/repo}"
                                },
                                {
                                  "k": "subscriptions_url",
                                  "v": "https://api.github.com/users/dineshkumarvhns23-hash/subscriptions"
                                },
                                {
                                  "k": "type",
                                  "v": "User"
                                },
                                {
                                  "k": "url",
                                  "v": "https://api.github.com/users/dineshkumarvhns23-hash"
                                },
                                {
                                  "k": "user_view_type",
                                  "v": "public"
                                }
                              ]
                            }
                          },
                          {
                            "k": "private",
                            "v": false
                          },
                          {
                            "k": "pulls_url",
                            "v": "https://api.github.com/repos/dineshkumarvhns23-hash/CICD/pulls{/number}"
                          },
                          {
                            "k": "releases_url",
                            "v": "https://api.github.com/repos/dineshkumarvhns23-hash/CICD/releases{/id}"
                          },
                          {
                            "k": "stargazers_url",
                            "v": "https://api.github.com/repos/dineshkumarvhns23-hash/CICD/stargazers"
                          },
                          {
                            "k": "statuses_url",
                            "v": "https://api.github.com/repos/dineshkumarvhns23-hash/CICD/statuses/{sha}"
                          },
                          {
                            "k": "subscribers_url",
                            "v": "https://api.github.com/repos/dineshkumarvhns23-hash/CICD/subscribers"
                          },
                          {
                            "k": "subscription_url",
                            "v": "https://api.github.com/repos/dineshkumarvhns23-hash/CICD/subscription"
                          },
                          {
                            "k": "tags_url",
                            "v": "https://api.github.com/repos/dineshkumarvhns23-hash/CICD/tags"
                          },
                          {
                            "k": "teams_url",
                            "v": "https://api.github.com/repos/dineshkumarvhns23-hash/CICD/teams"
                          },
                          {
                            "k": "trees_url",
                            "v": "https://api.github.com/repos/dineshkumarvhns23-hash/CICD/git/trees{/sha}"
                          },
                          {
                            "k": "url",
                            "v": "https://api.github.com/repos/dineshkumarvhns23-hash/CICD"
                          }
                        ]
                      }
                    },
                    {
                      "k": "head_sha",
                      "v": "944a9e58da49379e6ad9a31d1de376d603ed518e"
                    },
                    {
                      "k": "html_url",
                      "v": "https://github.com/dineshkumarvhns23-hash/CICD/actions/runs/33858800554"
                    },
                    {
                      "k": "id",
                      "v": 33858800554.0
                    },
                    {
                      "k": "jobs_url",
                      "v": "https://api.github.com/repos/dineshkumarvhns23-hash/CICD/actions/runs/33858800554/jobs"
                    },
                    {
                      "k": "logs_url",
                      "v": "https://api.github.com/repos/dineshkumarvhns23-hash/CICD/actions/runs/33858800554/logs"
                    },
                    {
                      "k": "name",
                      "v": "CI"
                    },
                    {
                      "k": "node_id",
                      "v": "WFR_kwLOUNFjyc8AAAAH4iRLqg"
                    },
                    {
                      "k": "path",
                      "v": ".github/workflows/ci.yml"
                    },
                    {
                      "k": "previous_attempt_url",
                      "v": null
                    },
                    {
                      "k": "pull_requests",
                      "v": {
                        "t": 1
                      }
                    },
                    {
                      "k": "referenced_workflows",
                      "v": {
                        "t": 1
                      }
                    },
                    {
                      "k": "repository",
                      "v": {
                        "t": 2,
                        "d": [
                          {
                            "k": "archive_url",
                            "v": "https://api.github.com/repos/dineshkumarvhns23-hash/CICD/{archive_format}{/ref}"
                          },
                          {
                            "k": "assignees_url",
                            "v": "https://api.github.com/repos/dineshkumarvhns23-hash/CICD/assignees{/user}"
                          },
                          {
                            "k": "blobs_url",
                            "v": "https://api.github.com/repos/dineshkumarvhns23-hash/CICD/git/blobs{/sha}"
                          },
                          {
                            "k": "branches_url",
                            "v": "https://api.github.com/repos/dineshkumarvhns23-hash/CICD/branches{/branch}"
                          },
                          {
                            "k": "collaborators_url",
                            "v": "https://api.github.com/repos/dineshkumarvhns23-hash/CICD/collaborators{/collaborator}"
                          },
                          {
                            "k": "comments_url",
                            "v": "https://api.github.com/repos/dineshkumarvhns23-hash/CICD/comments{/number}"
                          },
                          {
                            "k": "commits_url",
                            "v": "https://api.github.com/repos/dineshkumarvhns23-hash/CICD/commits{/sha}"
                          },
                          {
                            "k": "compare_url",
                            "v": "https://api.github.com/repos/dineshkumarvhns23-hash/CICD/compare/{base}...{head}"
                          },
                          {
                            "k": "contents_url",
                            "v": "https://api.github.com/repos/dineshkumarvhns23-hash/CICD/contents/{+path}"
                          },
                          {
                            "k": "contributors_url",
                            "v": "https://api.github.com/repos/dineshkumarvhns23-hash/CICD/contributors"
                          },
                          {
                            "k": "deployments_url",
                            "v": "https://api.github.com/repos/dineshkumarvhns23-hash/CICD/deployments"
                          },
                          {
                            "k": "description",
                            "v": null
                          },
                          {
                            "k": "downloads_url",
                            "v": "https://api.github.com/repos/dineshkumarvhns23-hash/CICD/downloads"
                          },
                          {
                            "k": "events_url",
                            "v": "https://api.github.com/repos/dineshkumarvhns23-hash/CICD/events"
                          },
                          {
                            "k": "fork",
                            "v": false
                          },
                          {
                            "k": "forks_url",
                            "v": "https://api.github.com/repos/dineshkumarvhns23-hash/CICD/forks"
                          },
                          {
                            "k": "full_name",
                            "v": "dineshkumarvhns23-hash/CICD"
                          },
                          {
                            "k": "git_commits_url",
                            "v": "https://api.github.com/repos/dineshkumarvhns23-hash/CICD/git/commits{/sha}"
                          },
                          {
                            "k": "git_refs_url",
                            "v": "https://api.github.com/repos/dineshkumarvhns23-hash/CICD/git/refs{/sha}"
                          },
                          {
                            "k": "git_tags_url",
                            "v": "https://api.github.com/repos/dineshkumarvhns23-hash/CICD/git/tags{/sha}"
                          },
                          {
                            "k": "hooks_url",
                            "v": "https://api.github.com/repos/dineshkumarvhns23-hash/CICD/hooks"
                          },
                          {
                            "k": "html_url",
                            "v": "https://github.com/dineshkumarvhns23-hash/CICD"
                          },
                          {
                            "k": "id",
                            "v": 1355899849.0
                          },
                          {
                            "k": "issue_comment_url",
                            "v": "https://api.github.com/repos/dineshkumarvhns23-hash/CICD/issues/comments{/number}"
                          },
                          {
                            "k": "issue_events_url",
                            "v": "https://api.github.com/repos/dineshkumarvhns23-hash/CICD/issues/events{/number}"
                          },
                          {
                            "k": "issues_url",
                            "v": "https://api.github.com/repos/dineshkumarvhns23-hash/CICD/issues{/number}"
                          },
                          {
                            "k": "keys_url",
                            "v": "https://api.github.com/repos/dineshkumarvhns23-hash/CICD/keys{/key_id}"
                          },
                          {
                            "k": "labels_url",
                            "v": "https://api.github.com/repos/dineshkumarvhns23-hash/CICD/labels{/name}"
                          },
                          {
                            "k": "languages_url",
                            "v": "https://api.github.com/repos/dineshkumarvhns23-hash/CICD/languages"
                          },
                          {
                            "k": "merges_url",
                            "v": "https://api.github.com/repos/dineshkumarvhns23-hash/CICD/merges"
                          },
                          {
                            "k": "milestones_url",
                            "v": "https://api.github.com/repos/dineshkumarvhns23-hash/CICD/milestones{/number}"
                          },
                          {
                            "k": "name",
                            "v": "CICD"
                          },
                          {
                            "k": "node_id",
                            "v": "R_kgDOUNFjyQ"
                          },
                          {
                            "k": "notifications_url",
                            "v": "https://api.github.com/repos/dineshkumarvhns23-hash/CICD/notifications{?since,all,participating}"
                          },
                          {
                            "k": "owner",
                            "v": {
                              "t": 2,
                              "d": [
                                {
                                  "k": "avatar_url",
                                  "v": "https://avatars.githubusercontent.com/u/277725335?v=4"
                                },
                                {
                                  "k": "events_url",
                                  "v": "https://api.github.com/users/dineshkumarvhns23-hash/events{/privacy}"
                                },
                                {
                                  "k": "followers_url",
                                  "v": "https://api.github.com/users/dineshkumarvhns23-hash/followers"
                                },
                                {
                                  "k": "following_url",
                                  "v": "https://api.github.com/users/dineshkumarvhns23-hash/following{/other_user}"
                                },
                                {
                                  "k": "gists_url",
                                  "v": "https://api.github.com/users/dineshkumarvhns23-hash/gists{/gist_id}"
                                },
                                {
                                  "k": "gravatar_id",
                                  "v": ""
                                },
                                {
                                  "k": "html_url",
                                  "v": "https://github.com/dineshkumarvhns23-hash"
                                },
                                {
                                  "k": "id",
                                  "v": 277725335.0
                                },
                                {
                                  "k": "login",
                                  "v": "dineshkumarvhns23-hash"
                                },
                                {
                                  "k": "node_id",
                                  "v": "U_kgDOEI3Alw"
                                },
                                {
                                  "k": "organizations_url",
                                  "v": "https://api.github.com/users/dineshkumarvhns23-hash/orgs"
                                },
                                {
                                  "k": "received_events_url",
                                  "v": "https://api.github.com/users/dineshkumarvhns23-hash/received_events"
                                },
                                {
                                  "k": "repos_url",
                                  "v": "https://api.github.com/users/dineshkumarvhns23-hash/repos"
                                },
                                {
                                  "k": "site_admin",
                                  "v": false
                                },
                                {
                                  "k": "starred_url",
                                  "v": "https://api.github.com/users/dineshkumarvhns23-hash/starred{/owner}{/repo}"
                                },
                                {
                                  "k": "subscriptions_url",
                                  "v": "https://api.github.com/users/dineshkumarvhns23-hash/subscriptions"
                                },
                                {
                                  "k": "type",
                                  "v": "User"
                                },
                                {
                                  "k": "url",
                                  "v": "https://api.github.com/users/dineshkumarvhns23-hash"
                                },
                                {
                                  "k": "user_view_type",
                                  "v": "public"
                                }
                              ]
                            }
                          },
                          {
                            "k": "private",
                            "v": false
                          },
                          {
                            "k": "pulls_url",
                            "v": "https://api.github.com/repos/dineshkumarvhns23-hash/CICD/pulls{/number}"
                          },
                          {
                            "k": "releases_url",
                            "v": "https://api.github.com/repos/dineshkumarvhns23-hash/CICD/releases{/id}"
                          },
                          {
                            "k": "stargazers_url",
                            "v": "https://api.github.com/repos/dineshkumarvhns23-hash/CICD/stargazers"
                          },
                          {
                            "k": "statuses_url",
                            "v": "https://api.github.com/repos/dineshkumarvhns23-hash/CICD/statuses/{sha}"
                          },
                          {
                            "k": "subscribers_url",
                            "v": "https://api.github.com/repos/dineshkumarvhns23-hash/CICD/subscribers"
                          },
                          {
                            "k": "subscription_url",
                            "v": "https://api.github.com/repos/dineshkumarvhns23-hash/CICD/subscription"
                          },
                          {
                            "k": "tags_url",
                            "v": "https://api.github.com/repos/dineshkumarvhns23-hash/CICD/tags"
                          },
                          {
                            "k": "teams_url",
                            "v": "https://api.github.com/repos/dineshkumarvhns23-hash/CICD/teams"
                          },
                          {
                            "k": "trees_url",
                            "v": "https://api.github.com/repos/dineshkumarvhns23-hash/CICD/git/trees{/sha}"
                          },
                          {
                            "k": "url",
                            "v": "https://api.github.com/repos/dineshkumarvhns23-hash/CICD"
                          }
                        ]
                      }
                    },
                    {
                      "k": "rerun_url",
                      "v": "https://api.github.com/repos/dineshkumarvhns23-hash/CICD/actions/runs/33858800554/rerun"
                    },
                    {
                      "k": "run_attempt",
                      "v": 1.0
                    },
                    {
                      "k": "run_number",
                      "v": 6.0
                    },
                    {
                      "k": "run_started_at",
                      "v": "2026-09-04T09:31:52Z"
                    },
                    {
                      "k": "status",
                      "v": "completed"
                    },
                    {
                      "k": "triggering_actor",
                      "v": {
                        "t": 2,
                        "d": [
                          {
                            "k": "avatar_url",
                            "v": "https://avatars.githubusercontent.com/u/277725335?v=4"
                          },
                          {
                            "k": "events_url",
                            "v": "https://api.github.com/users/dineshkumarvhns23-hash/events{/privacy}"
                          },
                          {
                            "k": "followers_url",
                            "v": "https://api.github.com/users/dineshkumarvhns23-hash/followers"
                          },
                          {
                            "k": "following_url",
                            "v": "https://api.github.com/users/dineshkumarvhns23-hash/following{/other_user}"
                          },
                          {
                            "k": "gists_url",
                            "v": "https://api.github.com/users/dineshkumarvhns23-hash/gists{/gist_id}"
                          },
                          {
                            "k": "gravatar_id",
                            "v": ""
                          },
                          {
                            "k": "html_url",
                            "v": "https://github.com/dineshkumarvhns23-hash"
                          },
                          {
                            "k": "id",
                            "v": 277725335.0
                          },
                          {
                            "k": "login",
                            "v": "dineshkumarvhns23-hash"
                          },
                          {
                            "k": "node_id",
                            "v": "U_kgDOEI3Alw"
                          },
                          {
                            "k": "organizations_url",
                            "v": "https://api.github.com/users/dineshkumarvhns23-hash/orgs"
                          },
                          {
                            "k": "received_events_url",
                            "v": "https://api.github.com/users/dineshkumarvhns23-hash/received_events"
                          },
                          {
                            "k": "repos_url",
                            "v": "https://api.github.com/users/dineshkumarvhns23-hash/repos"
                          },
                          {
                            "k": "site_admin",
                            "v": false
                          },
                          {
                            "k": "starred_url",
                            "v": "https://api.github.com/users/dineshkumarvhns23-hash/starred{/owner}{/repo}"
                          },
                          {
                            "k": "subscriptions_url",
                            "v": "https://api.github.com/users/dineshkumarvhns23-hash/subscriptions"
                          },
                          {
                            "k": "type",
                            "v": "User"
                          },
                          {
                            "k": "url",
                            "v": "https://api.github.com/users/dineshkumarvhns23-hash"
                          },
                          {
                            "k": "user_view_type",
                            "v": "public"
                          }
                        ]
                      }
                    },
                    {
                      "k": "updated_at",
                      "v": "2026-09-04T09:35:40Z"
                    },
                    {
                      "k": "url",
                      "v": "https://api.github.com/repos/dineshkumarvhns23-hash/CICD/actions/runs/33858800554"
                    },
                    {
                      "k": "workflow_id",
                      "v": 349987831.0
                    },
                    {
                      "k": "workflow_url",
                      "v": "https://api.github.com/repos/dineshkumarvhns23-hash/CICD/actions/workflows/349987831"
                    }
                  ]
                }
              }
            ]
          }
        },
        {
          "k": "workflow_ref",
          "v": "dineshkumarvhns23-hash/CICD/.github/workflows/cd.yml@refs/heads/main"
        },
        {
          "k": "workflow_sha",
          "v": "944a9e58da49379e6ad9a31d1de376d603ed518e"
        },
        {
          "k": "repository_id",
          "v": "1355899849"
        },
        {
          "k": "triggering_actor",
          "v": "dineshkumarvhns23-hash"
        }
      ]
    },
    "inputs": {
      "t": 2
    },
    "job": {
      "t": 2,
      "d": [
        {
          "k": "check_run_id",
          "v": 100979205802.0
        },
        {
          "k": "workflow_ref",
          "v": "dineshkumarvhns23-hash/CICD/.github/workflows/cd.yml@refs/heads/main"
        },
        {
          "k": "workflow_sha",
          "v": "944a9e58da49379e6ad9a31d1de376d603ed518e"
        },
        {
          "k": "workflow_repository",
          "v": "dineshkumarvhns23-hash/CICD"
        },
        {
          "k": "workflow_file_path",
          "v": ".github/workflows/cd.yml"
        }
      ]
    },
    "matrix": null,
    "needs": {
      "t": 2
    },
    "strategy": {
      "t": 2,
      "d": [
        {
          "k": "fail-fast",
          "v": true
        },
        {
          "k": "job-index",
          "v": 0.0
        },
        {
          "k": "job-total",
          "v": 1.0
        },
        {
          "k": "max-parallel",
          "v": 1.0
        }
      ]
    },
    "vars": {
      "t": 2
    }
  },
  "billingOwnerId": "U_kgDOEI3Alw"
}
[2026-09-04 09:52:22Z INFO JobRunner] Job ID 36469999-4296-5875-8d61-ea78734ef01e
[2026-09-04 09:52:22Z INFO ConfigurationStore] currentAssemblyLocation: C:\Users\thennarasuv\CICD\actions-runner\bin\Runner.Worker.dll
[2026-09-04 09:52:22Z INFO HostContext] Well known directory 'Bin': 'C:\Users\thennarasuv\CICD\actions-runner\bin'
[2026-09-04 09:52:22Z INFO ConfigurationStore] binPath: C:\Users\thennarasuv\CICD\actions-runner\bin
[2026-09-04 09:52:22Z INFO HostContext] Well known directory 'Bin': 'C:\Users\thennarasuv\CICD\actions-runner\bin'
[2026-09-04 09:52:22Z INFO HostContext] Well known directory 'Root': 'C:\Users\thennarasuv\CICD\actions-runner'
[2026-09-04 09:52:22Z INFO ConfigurationStore] RootFolder: C:\Users\thennarasuv\CICD\actions-runner
[2026-09-04 09:52:22Z INFO HostContext] Well known directory 'Bin': 'C:\Users\thennarasuv\CICD\actions-runner\bin'
[2026-09-04 09:52:22Z INFO HostContext] Well known directory 'Root': 'C:\Users\thennarasuv\CICD\actions-runner'
[2026-09-04 09:52:22Z INFO HostContext] Well known config file 'Runner': 'C:\Users\thennarasuv\CICD\actions-runner\.runner'
[2026-09-04 09:52:22Z INFO ConfigurationStore] ConfigFilePath: C:\Users\thennarasuv\CICD\actions-runner\.runner
[2026-09-04 09:52:22Z INFO HostContext] Well known directory 'Bin': 'C:\Users\thennarasuv\CICD\actions-runner\bin'
[2026-09-04 09:52:22Z INFO HostContext] Well known directory 'Root': 'C:\Users\thennarasuv\CICD\actions-runner'
[2026-09-04 09:52:22Z INFO HostContext] Well known config file 'MigratedRunner': 'C:\Users\thennarasuv\CICD\actions-runner\.runner_migrated'
[2026-09-04 09:52:22Z INFO ConfigurationStore] MigratedConfigFilePath: C:\Users\thennarasuv\CICD\actions-runner\.runner_migrated
[2026-09-04 09:52:22Z INFO HostContext] Well known directory 'Bin': 'C:\Users\thennarasuv\CICD\actions-runner\bin'
[2026-09-04 09:52:22Z INFO HostContext] Well known directory 'Root': 'C:\Users\thennarasuv\CICD\actions-runner'
[2026-09-04 09:52:22Z INFO HostContext] Well known config file 'Credentials': 'C:\Users\thennarasuv\CICD\actions-runner\.credentials'
[2026-09-04 09:52:22Z INFO ConfigurationStore] CredFilePath: C:\Users\thennarasuv\CICD\actions-runner\.credentials
[2026-09-04 09:52:22Z INFO HostContext] Well known directory 'Bin': 'C:\Users\thennarasuv\CICD\actions-runner\bin'
[2026-09-04 09:52:22Z INFO HostContext] Well known directory 'Root': 'C:\Users\thennarasuv\CICD\actions-runner'
[2026-09-04 09:52:22Z INFO HostContext] Well known config file 'MigratedCredentials': 'C:\Users\thennarasuv\CICD\actions-runner\.credentials_migrated'
[2026-09-04 09:52:22Z INFO ConfigurationStore] MigratedCredFilePath: C:\Users\thennarasuv\CICD\actions-runner\.credentials_migrated
[2026-09-04 09:52:22Z INFO HostContext] Well known directory 'Bin': 'C:\Users\thennarasuv\CICD\actions-runner\bin'
[2026-09-04 09:52:22Z INFO HostContext] Well known directory 'Root': 'C:\Users\thennarasuv\CICD\actions-runner'
[2026-09-04 09:52:22Z INFO HostContext] Well known config file 'Service': 'C:\Users\thennarasuv\CICD\actions-runner\.service'
[2026-09-04 09:52:22Z INFO ConfigurationStore] ServiceConfigFilePath: C:\Users\thennarasuv\CICD\actions-runner\.service
[2026-09-04 09:52:22Z INFO ConfigurationStore] Read setting file: 401 chars
[2026-09-04 09:52:22Z INFO JobRunner] Initializing launch client
[2026-09-04 09:52:22Z INFO JobServerQueue] Initializing results client
[2026-09-04 09:52:22Z INFO ResultServer] Creating websocket client ...wss://results-receiver.actions.githubusercontent.com/_ws/ingest.sock
[2026-09-04 09:52:22Z INFO ResultServer] Attempting to start websocket client with delay 00:00:00.
[2026-09-04 09:52:22Z INFO JobServerQueue] Start process web console line queue.
[2026-09-04 09:52:22Z INFO JobServerQueue] Start process file upload queue.
[2026-09-04 09:52:22Z INFO JobServerQueue] Start results file upload queue.
[2026-09-04 09:52:22Z INFO JobServerQueue] Starting results-based upload queue...
[2026-09-04 09:52:22Z INFO JobServerQueue] Start process timeline update queue.
[2026-09-04 09:52:22Z INFO ExecutionContext] Initializing Job context
[2026-09-04 09:52:22Z INFO ExecutionContext] Initialize GitHub context
[2026-09-04 09:52:22Z INFO ExecutionContext] Initialize Env context
[2026-09-04 09:52:22Z INFO HostContext] Well known directory 'Bin': 'C:\Users\thennarasuv\CICD\actions-runner\bin'
[2026-09-04 09:52:22Z INFO HostContext] Well known directory 'Root': 'C:\Users\thennarasuv\CICD\actions-runner'
[2026-09-04 09:52:22Z INFO HostContext] Well known directory 'Diag': 'C:\Users\thennarasuv\CICD\actions-runner\_diag'
[2026-09-04 09:52:22Z INFO HostContext] Well known directory 'Bin': 'C:\Users\thennarasuv\CICD\actions-runner\bin'
[2026-09-04 09:52:22Z INFO HostContext] Well known directory 'Root': 'C:\Users\thennarasuv\CICD\actions-runner'
[2026-09-04 09:52:22Z INFO HostContext] Well known directory 'Diag': 'C:\Users\thennarasuv\CICD\actions-runner\_diag'
[2026-09-04 09:52:22Z INFO JobRunner] Starting the job execution context.
[2026-09-04 09:52:22Z INFO HostContext] Well known directory 'Bin': 'C:\Users\thennarasuv\CICD\actions-runner\bin'
[2026-09-04 09:52:22Z INFO HostContext] Well known directory 'Root': 'C:\Users\thennarasuv\CICD\actions-runner'
[2026-09-04 09:52:22Z INFO HostContext] Well known directory 'Work': 'C:\Users\thennarasuv\CICD\actions-runner\_work'
[2026-09-04 09:52:22Z INFO JobRunner] Validating directory permissions for: 'C:\Users\thennarasuv\CICD\actions-runner\_work'
[2026-09-04 09:52:22Z INFO HostContext] Well known directory 'Bin': 'C:\Users\thennarasuv\CICD\actions-runner\bin'
[2026-09-04 09:52:22Z INFO HostContext] Well known directory 'Root': 'C:\Users\thennarasuv\CICD\actions-runner'
[2026-09-04 09:52:22Z INFO HostContext] Well known directory 'Work': 'C:\Users\thennarasuv\CICD\actions-runner\_work'
[2026-09-04 09:52:22Z INFO HostContext] Well known directory 'Tools': 'C:\Users\thennarasuv\CICD\actions-runner\_work\_tool'
[2026-09-04 09:52:22Z INFO HostContext] Well known directory 'Bin': 'C:\Users\thennarasuv\CICD\actions-runner\bin'
[2026-09-04 09:52:22Z INFO HostContext] Well known directory 'Root': 'C:\Users\thennarasuv\CICD\actions-runner'
[2026-09-04 09:52:22Z INFO HostContext] Well known directory 'Work': 'C:\Users\thennarasuv\CICD\actions-runner\_work'
[2026-09-04 09:52:22Z INFO HostContext] Well known directory 'Temp': 'C:\Users\thennarasuv\CICD\actions-runner\_work\_temp'
[2026-09-04 09:52:22Z INFO JobRunner] Getting job extension.
[2026-09-04 09:52:22Z INFO JobRunner] Initialize job. Getting all job steps.
[2026-09-04 09:52:22Z INFO HostContext] Well known directory 'Bin': 'C:\Users\thennarasuv\CICD\actions-runner\bin'
[2026-09-04 09:52:22Z INFO HostContext] Well known directory 'Root': 'C:\Users\thennarasuv\CICD\actions-runner'
[2026-09-04 09:52:22Z INFO HostContext] Well known directory 'Diag': 'C:\Users\thennarasuv\CICD\actions-runner\_diag'
[2026-09-04 09:52:22Z INFO HostContext] Well known directory 'Bin': 'C:\Users\thennarasuv\CICD\actions-runner\bin'
[2026-09-04 09:52:22Z INFO HostContext] Well known directory 'Root': 'C:\Users\thennarasuv\CICD\actions-runner'
[2026-09-04 09:52:22Z INFO HostContext] Well known directory 'Diag': 'C:\Users\thennarasuv\CICD\actions-runner\_diag'
[2026-09-04 09:52:22Z INFO HostContext] Well known directory 'Bin': 'C:\Users\thennarasuv\CICD\actions-runner\bin'
[2026-09-04 09:52:22Z INFO HostContext] Well known directory 'Root': 'C:\Users\thennarasuv\CICD\actions-runner'
[2026-09-04 09:52:22Z INFO HostContext] Well known config file 'Credentials': 'C:\Users\thennarasuv\CICD\actions-runner\.credentials'
[2026-09-04 09:52:22Z INFO HostContext] Well known directory 'Bin': 'C:\Users\thennarasuv\CICD\actions-runner\bin'
[2026-09-04 09:52:22Z INFO HostContext] Well known directory 'Root': 'C:\Users\thennarasuv\CICD\actions-runner'
[2026-09-04 09:52:22Z INFO HostContext] Well known config file 'SetupInfo': 'C:\Users\thennarasuv\CICD\actions-runner\.setup_info'
[2026-09-04 09:52:22Z INFO HostContext] Well known directory 'Bin': 'C:\Users\thennarasuv\CICD\actions-runner\bin'
[2026-09-04 09:52:22Z INFO HostContext] Well known directory 'Root': 'C:\Users\thennarasuv\CICD\actions-runner'
[2026-09-04 09:52:22Z INFO HostContext] Well known directory 'Work': 'C:\Users\thennarasuv\CICD\actions-runner\_work'
[2026-09-04 09:52:22Z INFO PipelineDirectoryManager] Loading tracking config if exists: C:\Users\thennarasuv\CICD\actions-runner\_work\_PipelineMapping\dineshkumarvhns23-hash/CICD\PipelineFolder.json
[2026-09-04 09:52:22Z INFO PipelineDirectoryManager] Creating a new tracking config file.
[2026-09-04 09:52:22Z INFO HostContext] Well known directory 'Bin': 'C:\Users\thennarasuv\CICD\actions-runner\bin'
[2026-09-04 09:52:22Z INFO HostContext] Well known directory 'Root': 'C:\Users\thennarasuv\CICD\actions-runner'
[2026-09-04 09:52:22Z INFO HostContext] Well known directory 'Work': 'C:\Users\thennarasuv\CICD\actions-runner\_work'
[2026-09-04 09:52:22Z INFO PipelineDirectoryManager] Creating pipeline directory.
[2026-09-04 09:52:22Z INFO HostContext] Well known directory 'Bin': 'C:\Users\thennarasuv\CICD\actions-runner\bin'
[2026-09-04 09:52:22Z INFO HostContext] Well known directory 'Root': 'C:\Users\thennarasuv\CICD\actions-runner'
[2026-09-04 09:52:22Z INFO HostContext] Well known directory 'Work': 'C:\Users\thennarasuv\CICD\actions-runner\_work'
[2026-09-04 09:52:22Z INFO PipelineDirectoryManager] Creating workspace directory.
[2026-09-04 09:52:22Z INFO HostContext] Well known directory 'Bin': 'C:\Users\thennarasuv\CICD\actions-runner\bin'
[2026-09-04 09:52:22Z INFO HostContext] Well known directory 'Root': 'C:\Users\thennarasuv\CICD\actions-runner'
[2026-09-04 09:52:22Z INFO HostContext] Well known directory 'Work': 'C:\Users\thennarasuv\CICD\actions-runner\_work'
[2026-09-04 09:52:22Z INFO JobExtension] Downloading actions
[2026-09-04 09:52:22Z INFO HostContext] Well known directory 'Bin': 'C:\Users\thennarasuv\CICD\actions-runner\bin'
[2026-09-04 09:52:22Z INFO HostContext] Well known directory 'Root': 'C:\Users\thennarasuv\CICD\actions-runner'
[2026-09-04 09:52:22Z INFO HostContext] Well known directory 'Work': 'C:\Users\thennarasuv\CICD\actions-runner\_work'
[2026-09-04 09:52:22Z INFO HostContext] Well known directory 'Actions': 'C:\Users\thennarasuv\CICD\actions-runner\_work\_actions'
[2026-09-04 09:52:22Z INFO Worker] Listening for cancel message from the channel.
[2026-09-04 09:52:22Z INFO Worker] Waiting for the job to complete or for a cancel message from the channel.
[2026-09-04 09:52:23Z INFO ResultServer] Successfully started websocket client.
[2026-09-04 09:52:23Z INFO JobServerQueue] Try to append 1 batches web console lines for record '570612b5-ad23-482d-a4c6-3901c626da00', success rate: 1/1.
[2026-09-04 09:52:23Z INFO HostContext] Well known directory 'Bin': 'C:\Users\thennarasuv\CICD\actions-runner\bin'
[2026-09-04 09:52:23Z INFO HostContext] Well known directory 'Root': 'C:\Users\thennarasuv\CICD\actions-runner'
[2026-09-04 09:52:23Z INFO HostContext] Well known directory 'Work': 'C:\Users\thennarasuv\CICD\actions-runner\_work'
[2026-09-04 09:52:23Z INFO HostContext] Well known directory 'Actions': 'C:\Users\thennarasuv\CICD\actions-runner\_work\_actions'
[2026-09-04 09:52:23Z INFO HostContext] Well known directory 'Bin': 'C:\Users\thennarasuv\CICD\actions-runner\bin'
[2026-09-04 09:52:23Z INFO HostContext] Well known directory 'Root': 'C:\Users\thennarasuv\CICD\actions-runner'
[2026-09-04 09:52:23Z INFO HostContext] Well known directory 'Work': 'C:\Users\thennarasuv\CICD\actions-runner\_work'
[2026-09-04 09:52:23Z INFO HostContext] Well known directory 'Actions': 'C:\Users\thennarasuv\CICD\actions-runner\_work\_actions'
[2026-09-04 09:52:23Z INFO ActionManager] Save archive 'https://codeload.github.com/actions/checkout/zip/11d5960a326750d5838078e36cf38b85af677262' into C:\Users\thennarasuv\CICD\actions-runner\_work\_actions\_temp_33b2908b-7bf7-4bda-868d-170b83920c1c\e4ce5f74-11e9-4d4e-9a73-085cbc7dc5d1.zip.
[2026-09-04 09:52:23Z INFO ActionManager] Using Basic token for action archive download.
[2026-09-04 09:52:23Z INFO JobServerQueue] Try to append 1 batches web console lines for record '570612b5-ad23-482d-a4c6-3901c626da00', success rate: 1/1.
[2026-09-04 09:52:23Z INFO JobServerQueue] Job timeline record has been updated for the first time.
[2026-09-04 09:52:24Z INFO ActionManager] Request URL: https://codeload.github.com/actions/checkout/zip/11d5960a326750d5838078e36cf38b85af677262 X-GitHub-Request-Id: FB86:35EE2F:2030D:192440:6A9A94D7 Http Status: OK
[2026-09-04 09:52:24Z INFO ActionManager] Finished getting action repository.
[2026-09-04 09:52:24Z INFO HostContext] Well known directory 'Bin': 'C:\Users\thennarasuv\CICD\actions-runner\bin'
[2026-09-04 09:52:24Z INFO HostContext] Well known directory 'Root': 'C:\Users\thennarasuv\CICD\actions-runner'
[2026-09-04 09:52:24Z INFO HostContext] Well known directory 'Work': 'C:\Users\thennarasuv\CICD\actions-runner\_work'
[2026-09-04 09:52:24Z INFO HostContext] Well known directory 'Actions': 'C:\Users\thennarasuv\CICD\actions-runner\_work\_actions'
[2026-09-04 09:52:24Z INFO ActionManifestManagerLegacy] Load schema file with definitions: [
  "null",
  "boolean",
  "number",
  "string",
  "sequence",
  "mapping",
  "any",
  "action-root",
  "inputs",
  "input",
  "outputs",
  "output-definition",
  "runs",
  "container-runs",
  "container-runs-args",
  "container-runs-env",
  "node-runs",
  "plugin-runs",
  "composite-runs",
  "composite-steps",
  "composite-step",
  "run-step",
  "uses-step",
  "container-runs-context",
  "output-value",
  "input-default-context",
  "non-empty-string",
  "string-steps-context",
  "boolean-steps-context",
  "step-env",
  "step-if",
  "step-with"
]
[2026-09-04 09:52:24Z INFO ActionManifestManager] Load schema file with definitions: [
  "null",
  "boolean",
  "number",
  "string",
  "sequence",
  "mapping",
  "any",
  "action-root",
  "inputs",
  "input",
  "outputs",
  "output-definition",
  "runs",
  "container-runs",
  "container-runs-args",
  "container-runs-env",
  "node-runs",
  "plugin-runs",
  "composite-runs",
  "composite-steps",
  "composite-step",
  "run-step",
  "uses-step",
  "container-runs-context",
  "output-value",
  "input-default-context",
  "non-empty-string",
  "string-steps-context",
  "boolean-steps-context",
  "step-env",
  "step-if",
  "step-with"
]
[2026-09-04 09:52:24Z INFO HostContext] Well known directory 'Bin': 'C:\Users\thennarasuv\CICD\actions-runner\bin'
[2026-09-04 09:52:24Z INFO HostContext] Well known directory 'Root': 'C:\Users\thennarasuv\CICD\actions-runner'
[2026-09-04 09:52:24Z INFO HostContext] Well known directory 'Work': 'C:\Users\thennarasuv\CICD\actions-runner\_work'
[2026-09-04 09:52:24Z INFO HostContext] Well known directory 'Actions': 'C:\Users\thennarasuv\CICD\actions-runner\_work\_actions'
[2026-09-04 09:52:24Z INFO ActionManifestManagerLegacy] Loaded action.yml file: {
  "name": "Checkout",
  "description": "Checkout a Git repository at a particular version",
  "inputs": {
    "type": 2,
    "map": [
      {
        "key": {
          "type": 0,
          "file": 2,
          "line": 4,
          "col": 3,
          "lit": "repository"
        },
        "value": {
          "type": 3,
          "file": 2,
          "line": 6,
          "col": 14,
          "expr": "github.repository"
        }
      },
      {
        "key": {
          "type": 0,
          "file": 2,
          "line": 7,
          "col": 3,
          "lit": "ref"
        },
        "value": ""
      },
      {
        "key": {
          "type": 0,
          "file": 2,
          "line": 12,
          "col": 3,
          "lit": "token"
        },
        "value": {
          "type": 3,
          "file": 2,
          "line": 24,
          "col": 14,
          "expr": "github.token"
        }
      },
      {
        "key": {
          "type": 0,
          "file": 2,
          "line": 25,
          "col": 3,
          "lit": "ssh-key"
        },
        "value": ""
      },
      {
        "key": {
          "type": 0,
          "file": 2,
          "line": 37,
          "col": 3,
          "lit": "ssh-known-hosts"
        },
        "value": ""
      },
      {
        "key": {
          "type": 0,
          "file": 2,
          "line": 42,
          "col": 3,
          "lit": "ssh-strict"
        },
        "value": {
          "type": 0,
          "file": 2,
          "line": 47,
          "col": 14,
          "lit": "true"
        }
      },
      {
        "key": {
          "type": 0,
          "file": 2,
          "line": 48,
          "col": 3,
          "lit": "ssh-user"
        },
        "value": {
          "type": 0,
          "file": 2,
          "line": 51,
          "col": 14,
          "lit": "git"
        }
      },
      {
        "key": {
          "type": 0,
          "file": 2,
          "line": 52,
          "col": 3,
          "lit": "persist-credentials"
        },
        "value": {
          "type": 0,
          "file": 2,
          "line": 54,
          "col": 14,
          "lit": "true"
        }
      },
      {
        "key": {
          "type": 0,
          "file": 2,
          "line": 55,
          "col": 3,
          "lit": "path"
        },
        "value": ""
      },
      {
        "key": {
          "type": 0,
          "file": 2,
          "line": 57,
          "col": 3,
          "lit": "clean"
        },
        "value": {
          "type": 0,
          "file": 2,
          "line": 59,
          "col": 14,
          "lit": "true"
        }
      },
      {
        "key": {
          "type": 0,
          "file": 2,
          "line": 60,
          "col": 3,
          "lit": "filter"
        },
        "value": {
          "type": 0,
          "file": 2,
          "line": 64,
          "col": 14,
          "lit": ""
        }
      },
      {
        "key": {
          "type": 0,
          "file": 2,
          "line": 65,
          "col": 3,
          "lit": "sparse-checkout"
        },
        "value": {
          "type": 0,
          "file": 2,
          "line": 69,
          "col": 14,
          "lit": ""
        }
      },
      {
        "key": {
          "type": 0,
          "file": 2,
          "line": 70,
          "col": 3,
          "lit": "sparse-checkout-cone-mode"
        },
        "value": {
          "type": 0,
          "file": 2,
          "line": 73,
          "col": 14,
          "lit": "true"
        }
      },
      {
        "key": {
          "type": 0,
          "file": 2,
          "line": 74,
          "col": 3,
          "lit": "fetch-depth"
        },
        "value": {
          "type": 0,
          "file": 2,
          "line": 76,
          "col": 14,
          "lit": "1"
        }
      },
      {
        "key": {
          "type": 0,
          "file": 2,
          "line": 77,
          "col": 3,
          "lit": "fetch-tags"
        },
        "value": {
          "type": 0,
          "file": 2,
          "line": 79,
          "col": 14,
          "lit": "false"
        }
      },
      {
        "key": {
          "type": 0,
          "file": 2,
          "line": 80,
          "col": 3,
          "lit": "show-progress"
        },
        "value": {
          "type": 0,
          "file": 2,
          "line": 82,
          "col": 14,
          "lit": "true"
        }
      },
      {
        "key": {
          "type": 0,
          "file": 2,
          "line": 83,
          "col": 3,
          "lit": "lfs"
        },
        "value": {
          "type": 0,
          "file": 2,
          "line": 85,
          "col": 14,
          "lit": "false"
        }
      },
      {
        "key": {
          "type": 0,
          "file": 2,
          "line": 86,
          "col": 3,
          "lit": "submodules"
        },
        "value": {
          "type": 0,
          "file": 2,
          "line": 94,
          "col": 14,
          "lit": "false"
        }
      },
      {
        "key": {
          "type": 0,
          "file": 2,
          "line": 95,
          "col": 3,
          "lit": "set-safe-directory"
        },
        "value": {
          "type": 0,
          "file": 2,
          "line": 97,
          "col": 14,
          "lit": "true"
        }
      },
      {
        "key": {
          "type": 0,
          "file": 2,
          "line": 98,
          "col": 3,
          "lit": "github-server-url"
        },
        "value": ""
      },
      {
        "key": {
          "type": 0,
          "file": 2,
          "line": 101,
          "col": 3,
          "lit": "allow-unsafe-pr-checkout"
        },
        "value": {
          "type": 0,
          "file": 2,
          "line": 109,
          "col": 14,
          "lit": "false"
        }
      }
    ]
  },
  "execution": {
    "executionType": "nodeJS",
    "hasPre": false,
    "hasPost": true,
    "script": "dist/index.js",
    "pre": null,
    "post": "dist/index.js",
    "nodeVersion": "node20",
    "cleanupCondition": "always()",
    "initCondition": "always()"
  },
  "deprecated": null
}
[2026-09-04 09:52:24Z INFO ActionManager] Action node.js file: dist/index.js, no more preparation.
[2026-09-04 09:52:24Z INFO HostContext] Well known directory 'Bin': 'C:\Users\thennarasuv\CICD\actions-runner\bin'
[2026-09-04 09:52:24Z INFO HostContext] Well known directory 'Root': 'C:\Users\thennarasuv\CICD\actions-runner'
[2026-09-04 09:52:24Z INFO HostContext] Well known directory 'Work': 'C:\Users\thennarasuv\CICD\actions-runner\_work'
[2026-09-04 09:52:24Z INFO HostContext] Well known directory 'Actions': 'C:\Users\thennarasuv\CICD\actions-runner\_work\_actions'
[2026-09-04 09:52:24Z INFO ActionManager] Load action that reference repository from 'C:\Users\thennarasuv\CICD\actions-runner\_work\_actions\actions\checkout\v4'
[2026-09-04 09:52:24Z INFO HostContext] Well known directory 'Bin': 'C:\Users\thennarasuv\CICD\actions-runner\bin'
[2026-09-04 09:52:24Z INFO HostContext] Well known directory 'Root': 'C:\Users\thennarasuv\CICD\actions-runner'
[2026-09-04 09:52:24Z INFO HostContext] Well known directory 'Work': 'C:\Users\thennarasuv\CICD\actions-runner\_work'
[2026-09-04 09:52:24Z INFO HostContext] Well known directory 'Actions': 'C:\Users\thennarasuv\CICD\actions-runner\_work\_actions'
[2026-09-04 09:52:24Z INFO ActionManifestManagerLegacy] Loaded action.yml file: {
  "name": "Checkout",
  "description": "Checkout a Git repository at a particular version",
  "inputs": {
    "type": 2,
    "map": [
      {
        "key": {
          "type": 0,
          "file": 2,
          "line": 4,
          "col": 3,
          "lit": "repository"
        },
        "value": {
          "type": 3,
          "file": 2,
          "line": 6,
          "col": 14,
          "expr": "github.repository"
        }
      },
      {
        "key": {
          "type": 0,
          "file": 2,
          "line": 7,
          "col": 3,
          "lit": "ref"
        },
        "value": ""
      },
      {
        "key": {
          "type": 0,
          "file": 2,
          "line": 12,
          "col": 3,
          "lit": "token"
        },
        "value": {
          "type": 3,
          "file": 2,
          "line": 24,
          "col": 14,
          "expr": "github.token"
        }
      },
      {
        "key": {
          "type": 0,
          "file": 2,
          "line": 25,
          "col": 3,
          "lit": "ssh-key"
        },
        "value": ""
      },
      {
        "key": {
          "type": 0,
          "file": 2,
          "line": 37,
          "col": 3,
          "lit": "ssh-known-hosts"
        },
        "value": ""
      },
      {
        "key": {
          "type": 0,
          "file": 2,
          "line": 42,
          "col": 3,
          "lit": "ssh-strict"
        },
        "value": {
          "type": 0,
          "file": 2,
          "line": 47,
          "col": 14,
          "lit": "true"
        }
      },
      {
        "key": {
          "type": 0,
          "file": 2,
          "line": 48,
          "col": 3,
          "lit": "ssh-user"
        },
        "value": {
          "type": 0,
          "file": 2,
          "line": 51,
          "col": 14,
          "lit": "git"
        }
      },
      {
        "key": {
          "type": 0,
          "file": 2,
          "line": 52,
          "col": 3,
          "lit": "persist-credentials"
        },
        "value": {
          "type": 0,
          "file": 2,
          "line": 54,
          "col": 14,
          "lit": "true"
        }
      },
      {
        "key": {
          "type": 0,
          "file": 2,
          "line": 55,
          "col": 3,
          "lit": "path"
        },
        "value": ""
      },
      {
        "key": {
          "type": 0,
          "file": 2,
          "line": 57,
          "col": 3,
          "lit": "clean"
        },
        "value": {
          "type": 0,
          "file": 2,
          "line": 59,
          "col": 14,
          "lit": "true"
        }
      },
      {
        "key": {
          "type": 0,
          "file": 2,
          "line": 60,
          "col": 3,
          "lit": "filter"
        },
        "value": {
          "type": 0,
          "file": 2,
          "line": 64,
          "col": 14,
          "lit": ""
        }
      },
      {
        "key": {
          "type": 0,
          "file": 2,
          "line": 65,
          "col": 3,
          "lit": "sparse-checkout"
        },
        "value": {
          "type": 0,
          "file": 2,
          "line": 69,
          "col": 14,
          "lit": ""
        }
      },
      {
        "key": {
          "type": 0,
          "file": 2,
          "line": 70,
          "col": 3,
          "lit": "sparse-checkout-cone-mode"
        },
        "value": {
          "type": 0,
          "file": 2,
          "line": 73,
          "col": 14,
          "lit": "true"
        }
      },
      {
        "key": {
          "type": 0,
          "file": 2,
          "line": 74,
          "col": 3,
          "lit": "fetch-depth"
        },
        "value": {
          "type": 0,
          "file": 2,
          "line": 76,
          "col": 14,
          "lit": "1"
        }
      },
      {
        "key": {
          "type": 0,
          "file": 2,
          "line": 77,
          "col": 3,
          "lit": "fetch-tags"
        },
        "value": {
          "type": 0,
          "file": 2,
          "line": 79,
          "col": 14,
          "lit": "false"
        }
      },
      {
        "key": {
          "type": 0,
          "file": 2,
          "line": 80,
          "col": 3,
          "lit": "show-progress"
        },
        "value": {
          "type": 0,
          "file": 2,
          "line": 82,
          "col": 14,
          "lit": "true"
        }
      },
      {
        "key": {
          "type": 0,
          "file": 2,
          "line": 83,
          "col": 3,
          "lit": "lfs"
        },
        "value": {
          "type": 0,
          "file": 2,
          "line": 85,
          "col": 14,
          "lit": "false"
        }
      },
      {
        "key": {
          "type": 0,
          "file": 2,
          "line": 86,
          "col": 3,
          "lit": "submodules"
        },
        "value": {
          "type": 0,
          "file": 2,
          "line": 94,
          "col": 14,
          "lit": "false"
        }
      },
      {
        "key": {
          "type": 0,
          "file": 2,
          "line": 95,
          "col": 3,
          "lit": "set-safe-directory"
        },
        "value": {
          "type": 0,
          "file": 2,
          "line": 97,
          "col": 14,
          "lit": "true"
        }
      },
      {
        "key": {
          "type": 0,
          "file": 2,
          "line": 98,
          "col": 3,
          "lit": "github-server-url"
        },
        "value": ""
      },
      {
        "key": {
          "type": 0,
          "file": 2,
          "line": 101,
          "col": 3,
          "lit": "allow-unsafe-pr-checkout"
        },
        "value": {
          "type": 0,
          "file": 2,
          "line": 109,
          "col": 14,
          "lit": "false"
        }
      }
    ]
  },
  "execution": {
    "executionType": "nodeJS",
    "hasPre": false,
    "hasPost": true,
    "script": "dist/index.js",
    "pre": null,
    "post": "dist/index.js",
    "nodeVersion": "node20",
    "cleanupCondition": "always()",
    "initCondition": "always()"
  },
  "deprecated": null
}
[2026-09-04 09:52:24Z INFO ActionManager] Action pre node.js file: N/A.
[2026-09-04 09:52:24Z INFO ActionManager] Action node.js file: dist/index.js.
[2026-09-04 09:52:24Z INFO ActionManager] Action post node.js file: dist/index.js.
[2026-09-04 09:52:24Z INFO JobExtension] Adding .
[2026-09-04 09:52:25Z INFO JobExtension] Adding .
[2026-09-04 09:52:25Z INFO JobExtension] Adding .
[2026-09-04 09:52:25Z INFO JobExtension] Adding .
[2026-09-04 09:52:25Z INFO JobExtension] Adding .
[2026-09-04 09:52:25Z INFO JobExtension] Adding .
[2026-09-04 09:52:25Z INFO JobExtension] Adding .
[2026-09-04 09:52:25Z INFO JobExtension] Adding .
[2026-09-04 09:52:25Z INFO JobExtension] Adding .
[2026-09-04 09:52:25Z INFO JobExtension] Adding .
[2026-09-04 09:52:25Z INFO JobExtension] Adding .
[2026-09-04 09:52:25Z INFO HostContext] Well known directory 'Bin': 'C:\Users\thennarasuv\CICD\actions-runner\bin'
[2026-09-04 09:52:25Z INFO HostContext] Well known directory 'Root': 'C:\Users\thennarasuv\CICD\actions-runner'
[2026-09-04 09:52:25Z INFO HostContext] Well known directory 'Diag': 'C:\Users\thennarasuv\CICD\actions-runner\_diag'
[2026-09-04 09:52:25Z INFO HostContext] Well known directory 'Bin': 'C:\Users\thennarasuv\CICD\actions-runner\bin'
[2026-09-04 09:52:25Z INFO HostContext] Well known directory 'Root': 'C:\Users\thennarasuv\CICD\actions-runner'
[2026-09-04 09:52:25Z INFO HostContext] Well known directory 'Diag': 'C:\Users\thennarasuv\CICD\actions-runner\_diag'
[2026-09-04 09:52:25Z INFO HostContext] Well known directory 'Bin': 'C:\Users\thennarasuv\CICD\actions-runner\bin'
[2026-09-04 09:52:25Z INFO HostContext] Well known directory 'Root': 'C:\Users\thennarasuv\CICD\actions-runner'
[2026-09-04 09:52:25Z INFO HostContext] Well known directory 'Diag': 'C:\Users\thennarasuv\CICD\actions-runner\_diag'
[2026-09-04 09:52:25Z INFO HostContext] Well known directory 'Bin': 'C:\Users\thennarasuv\CICD\actions-runner\bin'
[2026-09-04 09:52:25Z INFO HostContext] Well known directory 'Root': 'C:\Users\thennarasuv\CICD\actions-runner'
[2026-09-04 09:52:25Z INFO HostContext] Well known directory 'Diag': 'C:\Users\thennarasuv\CICD\actions-runner\_diag'
[2026-09-04 09:52:25Z INFO HostContext] Well known directory 'Bin': 'C:\Users\thennarasuv\CICD\actions-runner\bin'
[2026-09-04 09:52:25Z INFO HostContext] Well known directory 'Root': 'C:\Users\thennarasuv\CICD\actions-runner'
[2026-09-04 09:52:25Z INFO HostContext] Well known directory 'Diag': 'C:\Users\thennarasuv\CICD\actions-runner\_diag'
[2026-09-04 09:52:25Z INFO HostContext] Well known directory 'Bin': 'C:\Users\thennarasuv\CICD\actions-runner\bin'
[2026-09-04 09:52:25Z INFO HostContext] Well known directory 'Root': 'C:\Users\thennarasuv\CICD\actions-runner'
[2026-09-04 09:52:25Z INFO HostContext] Well known directory 'Diag': 'C:\Users\thennarasuv\CICD\actions-runner\_diag'
[2026-09-04 09:52:25Z INFO HostContext] Well known directory 'Bin': 'C:\Users\thennarasuv\CICD\actions-runner\bin'
[2026-09-04 09:52:25Z INFO HostContext] Well known directory 'Root': 'C:\Users\thennarasuv\CICD\actions-runner'
[2026-09-04 09:52:25Z INFO HostContext] Well known directory 'Diag': 'C:\Users\thennarasuv\CICD\actions-runner\_diag'
[2026-09-04 09:52:25Z INFO HostContext] Well known directory 'Bin': 'C:\Users\thennarasuv\CICD\actions-runner\bin'
[2026-09-04 09:52:25Z INFO HostContext] Well known directory 'Root': 'C:\Users\thennarasuv\CICD\actions-runner'
[2026-09-04 09:52:25Z INFO HostContext] Well known directory 'Diag': 'C:\Users\thennarasuv\CICD\actions-runner\_diag'
[2026-09-04 09:52:25Z INFO HostContext] Well known directory 'Bin': 'C:\Users\thennarasuv\CICD\actions-runner\bin'
[2026-09-04 09:52:25Z INFO HostContext] Well known directory 'Root': 'C:\Users\thennarasuv\CICD\actions-runner'
[2026-09-04 09:52:25Z INFO HostContext] Well known directory 'Diag': 'C:\Users\thennarasuv\CICD\actions-runner\_diag'
[2026-09-04 09:52:25Z INFO HostContext] Well known directory 'Bin': 'C:\Users\thennarasuv\CICD\actions-runner\bin'
[2026-09-04 09:52:25Z INFO HostContext] Well known directory 'Root': 'C:\Users\thennarasuv\CICD\actions-runner'
[2026-09-04 09:52:25Z INFO HostContext] Well known directory 'Diag': 'C:\Users\thennarasuv\CICD\actions-runner\_diag'
[2026-09-04 09:52:25Z INFO HostContext] Well known directory 'Bin': 'C:\Users\thennarasuv\CICD\actions-runner\bin'
[2026-09-04 09:52:25Z INFO HostContext] Well known directory 'Root': 'C:\Users\thennarasuv\CICD\actions-runner'
[2026-09-04 09:52:25Z INFO HostContext] Well known directory 'Diag': 'C:\Users\thennarasuv\CICD\actions-runner\_diag'
[2026-09-04 09:52:25Z INFO HostContext] Well known directory 'Bin': 'C:\Users\thennarasuv\CICD\actions-runner\bin'
[2026-09-04 09:52:25Z INFO HostContext] Well known directory 'Root': 'C:\Users\thennarasuv\CICD\actions-runner'
[2026-09-04 09:52:25Z INFO HostContext] Well known directory 'Diag': 'C:\Users\thennarasuv\CICD\actions-runner\_diag'
[2026-09-04 09:52:25Z INFO HostContext] Well known directory 'Bin': 'C:\Users\thennarasuv\CICD\actions-runner\bin'
[2026-09-04 09:52:25Z INFO HostContext] Well known directory 'Root': 'C:\Users\thennarasuv\CICD\actions-runner'
[2026-09-04 09:52:25Z INFO HostContext] Well known directory 'Diag': 'C:\Users\thennarasuv\CICD\actions-runner\_diag'
[2026-09-04 09:52:25Z INFO HostContext] Well known directory 'Bin': 'C:\Users\thennarasuv\CICD\actions-runner\bin'
[2026-09-04 09:52:25Z INFO HostContext] Well known directory 'Root': 'C:\Users\thennarasuv\CICD\actions-runner'
[2026-09-04 09:52:25Z INFO HostContext] Well known directory 'Diag': 'C:\Users\thennarasuv\CICD\actions-runner\_diag'
[2026-09-04 09:52:25Z INFO HostContext] Well known directory 'Bin': 'C:\Users\thennarasuv\CICD\actions-runner\bin'
[2026-09-04 09:52:25Z INFO HostContext] Well known directory 'Root': 'C:\Users\thennarasuv\CICD\actions-runner'
[2026-09-04 09:52:25Z INFO HostContext] Well known directory 'Diag': 'C:\Users\thennarasuv\CICD\actions-runner\_diag'
[2026-09-04 09:52:25Z INFO HostContext] Well known directory 'Bin': 'C:\Users\thennarasuv\CICD\actions-runner\bin'
[2026-09-04 09:52:25Z INFO HostContext] Well known directory 'Root': 'C:\Users\thennarasuv\CICD\actions-runner'
[2026-09-04 09:52:25Z INFO HostContext] Well known directory 'Diag': 'C:\Users\thennarasuv\CICD\actions-runner\_diag'
[2026-09-04 09:52:25Z INFO HostContext] Well known directory 'Bin': 'C:\Users\thennarasuv\CICD\actions-runner\bin'
[2026-09-04 09:52:25Z INFO HostContext] Well known directory 'Root': 'C:\Users\thennarasuv\CICD\actions-runner'
[2026-09-04 09:52:25Z INFO HostContext] Well known directory 'Diag': 'C:\Users\thennarasuv\CICD\actions-runner\_diag'
[2026-09-04 09:52:25Z INFO HostContext] Well known directory 'Bin': 'C:\Users\thennarasuv\CICD\actions-runner\bin'
[2026-09-04 09:52:25Z INFO HostContext] Well known directory 'Root': 'C:\Users\thennarasuv\CICD\actions-runner'
[2026-09-04 09:52:25Z INFO HostContext] Well known directory 'Diag': 'C:\Users\thennarasuv\CICD\actions-runner\_diag'
[2026-09-04 09:52:25Z INFO HostContext] Well known directory 'Bin': 'C:\Users\thennarasuv\CICD\actions-runner\bin'
[2026-09-04 09:52:25Z INFO HostContext] Well known directory 'Root': 'C:\Users\thennarasuv\CICD\actions-runner'
[2026-09-04 09:52:25Z INFO HostContext] Well known directory 'Diag': 'C:\Users\thennarasuv\CICD\actions-runner\_diag'
[2026-09-04 09:52:25Z INFO HostContext] Well known directory 'Bin': 'C:\Users\thennarasuv\CICD\actions-runner\bin'
[2026-09-04 09:52:25Z INFO HostContext] Well known directory 'Root': 'C:\Users\thennarasuv\CICD\actions-runner'
[2026-09-04 09:52:25Z INFO HostContext] Well known directory 'Diag': 'C:\Users\thennarasuv\CICD\actions-runner\_diag'
[2026-09-04 09:52:25Z INFO HostContext] Well known directory 'Bin': 'C:\Users\thennarasuv\CICD\actions-runner\bin'
[2026-09-04 09:52:25Z INFO HostContext] Well known directory 'Root': 'C:\Users\thennarasuv\CICD\actions-runner'
[2026-09-04 09:52:25Z INFO HostContext] Well known directory 'Diag': 'C:\Users\thennarasuv\CICD\actions-runner\_diag'
[2026-09-04 09:52:25Z INFO HostContext] Well known directory 'Bin': 'C:\Users\thennarasuv\CICD\actions-runner\bin'
[2026-09-04 09:52:25Z INFO HostContext] Well known directory 'Root': 'C:\Users\thennarasuv\CICD\actions-runner'
[2026-09-04 09:52:25Z INFO HostContext] Well known directory 'Diag': 'C:\Users\thennarasuv\CICD\actions-runner\_diag'
[2026-09-04 09:52:25Z INFO JobExtension] Total accessible running process: 337.
[2026-09-04 09:52:25Z INFO HostContext] Well known directory 'Bin': 'C:\Users\thennarasuv\CICD\actions-runner\bin'
[2026-09-04 09:52:25Z INFO HostContext] Well known directory 'Root': 'C:\Users\thennarasuv\CICD\actions-runner'
[2026-09-04 09:52:25Z INFO HostContext] Well known directory 'Work': 'C:\Users\thennarasuv\CICD\actions-runner\_work'
[2026-09-04 09:52:25Z INFO JobExtension] Start checking server connectivity.
[2026-09-04 09:52:25Z INFO JobExtension] Check server connectivity for https://broker.actions.githubusercontent.com/health.
[2026-09-04 09:52:25Z INFO JobExtension] Check server connectivity for https://token.actions.githubusercontent.com/ready.
[2026-09-04 09:52:25Z INFO JobExtension] Check server connectivity for https://run.actions.githubusercontent.com/health.
[2026-09-04 09:52:25Z INFO JobExtension] Start checking service connectivity in background.
[2026-09-04 09:52:25Z INFO JobServerQueue] Try to append 1 batches web console lines for record '570612b5-ad23-482d-a4c6-3901c626da00', success rate: 1/1.
[2026-09-04 09:52:25Z INFO ExecutionContext] Publish step telemetry for current step {
  "action": "setup_job",
  "type": "runner",
  "stage": "Pre",
  "stepId": "570612b5-ad23-482d-a4c6-3901c626da00",
  "result": "succeeded",
  "errorMessages": [],
  "executionTimeInSeconds": 3,
  "startTime": "2026-09-04T09:52:22.3018876Z",
  "finishTime": "2026-09-04T09:52:25.0446333Z"
}.
[2026-09-04 09:52:25Z INFO JobRunner] Total job steps: 11.
[2026-09-04 09:52:25Z INFO JobRunner] Run all job steps.
[2026-09-04 09:52:25Z INFO DapDebugger] DapDebugger initialized
[2026-09-04 09:52:25Z INFO StepsRunner] Processing step: DisplayName='Checkout source'
[2026-09-04 09:52:25Z INFO StepsRunner] Evaluating: success()
[2026-09-04 09:52:25Z INFO StepsRunner] Result: true
[2026-09-04 09:52:25Z INFO StepsRunner] Starting the step.
[2026-09-04 09:52:25Z INFO HostContext] Well known directory 'Bin': 'C:\Users\thennarasuv\CICD\actions-runner\bin'
[2026-09-04 09:52:25Z INFO HostContext] Well known directory 'Root': 'C:\Users\thennarasuv\CICD\actions-runner'
[2026-09-04 09:52:25Z INFO HostContext] Well known directory 'Work': 'C:\Users\thennarasuv\CICD\actions-runner\_work'
[2026-09-04 09:52:25Z INFO StepsRunner] Which2: 'chcp'
[2026-09-04 09:52:25Z INFO StepsRunner] Location: 'C:\WINDOWS\system32\chcp.COM'
[2026-09-04 09:52:25Z INFO ProcessInvokerWrapper] Starting process:
[2026-09-04 09:52:25Z INFO ProcessInvokerWrapper]   File name: 'C:\WINDOWS\system32\chcp.COM'
[2026-09-04 09:52:25Z INFO ProcessInvokerWrapper]   Arguments: '65001'
[2026-09-04 09:52:25Z INFO ProcessInvokerWrapper]   Working directory: 'C:\Users\thennarasuv\CICD\actions-runner\_work'
[2026-09-04 09:52:25Z INFO ProcessInvokerWrapper]   Require exit code zero: 'False'
[2026-09-04 09:52:25Z INFO ProcessInvokerWrapper]   Encoding web name:  ; code page: ''
[2026-09-04 09:52:25Z INFO ProcessInvokerWrapper]   Force kill process on cancellation: 'False'
[2026-09-04 09:52:25Z INFO ProcessInvokerWrapper]   Redirected STDIN: 'False'
[2026-09-04 09:52:25Z INFO ProcessInvokerWrapper]   Persist current code page: 'True'
[2026-09-04 09:52:25Z INFO ProcessInvokerWrapper]   Keep redirected STDIN open: 'False'
[2026-09-04 09:52:25Z INFO ProcessInvokerWrapper]   High priority process: 'False'
[2026-09-04 09:52:25Z INFO ProcessInvokerWrapper] Process started with process id 28152, waiting for process exit.
[2026-09-04 09:52:25Z INFO ProcessInvokerWrapper] STDOUT/STDERR stream read finished.
[2026-09-04 09:52:25Z INFO ProcessInvokerWrapper] STDOUT/STDERR stream read finished.
[2026-09-04 09:52:25Z INFO ProcessInvokerWrapper] Finished process 28152 with exit code 0, and elapsed time 00:00:00.0420117.
[2026-09-04 09:52:25Z INFO StepsRunner] Successfully returned to code page 65001 (UTF8)
[2026-09-04 09:52:25Z INFO HostContext] Well known directory 'Bin': 'C:\Users\thennarasuv\CICD\actions-runner\bin'
[2026-09-04 09:52:25Z INFO HostContext] Well known directory 'Root': 'C:\Users\thennarasuv\CICD\actions-runner'
[2026-09-04 09:52:25Z INFO HostContext] Well known directory 'Work': 'C:\Users\thennarasuv\CICD\actions-runner\_work'
[2026-09-04 09:52:25Z INFO HostContext] Well known directory 'Actions': 'C:\Users\thennarasuv\CICD\actions-runner\_work\_actions'
[2026-09-04 09:52:25Z INFO ActionManager] Load action that reference repository from 'C:\Users\thennarasuv\CICD\actions-runner\_work\_actions\actions\checkout\v4'
[2026-09-04 09:52:25Z INFO HostContext] Well known directory 'Bin': 'C:\Users\thennarasuv\CICD\actions-runner\bin'
[2026-09-04 09:52:25Z INFO HostContext] Well known directory 'Root': 'C:\Users\thennarasuv\CICD\actions-runner'
[2026-09-04 09:52:25Z INFO HostContext] Well known directory 'Work': 'C:\Users\thennarasuv\CICD\actions-runner\_work'
[2026-09-04 09:52:25Z INFO HostContext] Well known directory 'Actions': 'C:\Users\thennarasuv\CICD\actions-runner\_work\_actions'
[2026-09-04 09:52:25Z INFO ActionManifestManagerLegacy] Loaded action.yml file: {
  "name": "Checkout",
  "description": "Checkout a Git repository at a particular version",
  "inputs": {
    "type": 2,
    "map": [
      {
        "key": {
          "type": 0,
          "file": 2,
          "line": 4,
          "col": 3,
          "lit": "repository"
        },
        "value": {
          "type": 3,
          "file": 2,
          "line": 6,
          "col": 14,
          "expr": "github.repository"
        }
      },
      {
        "key": {
          "type": 0,
          "file": 2,
          "line": 7,
          "col": 3,
          "lit": "ref"
        },
        "value": ""
      },
      {
        "key": {
          "type": 0,
          "file": 2,
          "line": 12,
          "col": 3,
          "lit": "token"
        },
        "value": {
          "type": 3,
          "file": 2,
          "line": 24,
          "col": 14,
          "expr": "github.token"
        }
      },
      {
        "key": {
          "type": 0,
          "file": 2,
          "line": 25,
          "col": 3,
          "lit": "ssh-key"
        },
        "value": ""
      },
      {
        "key": {
          "type": 0,
          "file": 2,
          "line": 37,
          "col": 3,
          "lit": "ssh-known-hosts"
        },
        "value": ""
      },
      {
        "key": {
          "type": 0,
          "file": 2,
          "line": 42,
          "col": 3,
          "lit": "ssh-strict"
        },
        "value": {
          "type": 0,
          "file": 2,
          "line": 47,
          "col": 14,
          "lit": "true"
        }
      },
      {
        "key": {
          "type": 0,
          "file": 2,
          "line": 48,
          "col": 3,
          "lit": "ssh-user"
        },
        "value": {
          "type": 0,
          "file": 2,
          "line": 51,
          "col": 14,
          "lit": "git"
        }
      },
      {
        "key": {
          "type": 0,
          "file": 2,
          "line": 52,
          "col": 3,
          "lit": "persist-credentials"
        },
        "value": {
          "type": 0,
          "file": 2,
          "line": 54,
          "col": 14,
          "lit": "true"
        }
      },
      {
        "key": {
          "type": 0,
          "file": 2,
          "line": 55,
          "col": 3,
          "lit": "path"
        },
        "value": ""
      },
      {
        "key": {
          "type": 0,
          "file": 2,
          "line": 57,
          "col": 3,
          "lit": "clean"
        },
        "value": {
          "type": 0,
          "file": 2,
          "line": 59,
          "col": 14,
          "lit": "true"
        }
      },
      {
        "key": {
          "type": 0,
          "file": 2,
          "line": 60,
          "col": 3,
          "lit": "filter"
        },
        "value": {
          "type": 0,
          "file": 2,
          "line": 64,
          "col": 14,
          "lit": ""
        }
      },
      {
        "key": {
          "type": 0,
          "file": 2,
          "line": 65,
          "col": 3,
          "lit": "sparse-checkout"
        },
        "value": {
          "type": 0,
          "file": 2,
          "line": 69,
          "col": 14,
          "lit": ""
        }
      },
      {
        "key": {
          "type": 0,
          "file": 2,
          "line": 70,
          "col": 3,
          "lit": "sparse-checkout-cone-mode"
        },
        "value": {
          "type": 0,
          "file": 2,
          "line": 73,
          "col": 14,
          "lit": "true"
        }
      },
      {
        "key": {
          "type": 0,
          "file": 2,
          "line": 74,
          "col": 3,
          "lit": "fetch-depth"
        },
        "value": {
          "type": 0,
          "file": 2,
          "line": 76,
          "col": 14,
          "lit": "1"
        }
      },
      {
        "key": {
          "type": 0,
          "file": 2,
          "line": 77,
          "col": 3,
          "lit": "fetch-tags"
        },
        "value": {
          "type": 0,
          "file": 2,
          "line": 79,
          "col": 14,
          "lit": "false"
        }
      },
      {
        "key": {
          "type": 0,
          "file": 2,
          "line": 80,
          "col": 3,
          "lit": "show-progress"
        },
        "value": {
          "type": 0,
          "file": 2,
          "line": 82,
          "col": 14,
          "lit": "true"
        }
      },
      {
        "key": {
          "type": 0,
          "file": 2,
          "line": 83,
          "col": 3,
          "lit": "lfs"
        },
        "value": {
          "type": 0,
          "file": 2,
          "line": 85,
          "col": 14,
          "lit": "false"
        }
      },
      {
        "key": {
          "type": 0,
          "file": 2,
          "line": 86,
          "col": 3,
          "lit": "submodules"
        },
        "value": {
          "type": 0,
          "file": 2,
          "line": 94,
          "col": 14,
          "lit": "false"
        }
      },
      {
        "key": {
          "type": 0,
          "file": 2,
          "line": 95,
          "col": 3,
          "lit": "set-safe-directory"
        },
        "value": {
          "type": 0,
          "file": 2,
          "line": 97,
          "col": 14,
          "lit": "true"
        }
      },
      {
        "key": {
          "type": 0,
          "file": 2,
          "line": 98,
          "col": 3,
          "lit": "github-server-url"
        },
        "value": ""
      },
      {
        "key": {
          "type": 0,
          "file": 2,
          "line": 101,
          "col": 3,
          "lit": "allow-unsafe-pr-checkout"
        },
        "value": {
          "type": 0,
          "file": 2,
          "line": 109,
          "col": 14,
          "lit": "false"
        }
      }
    ]
  },
  "execution": {
    "executionType": "nodeJS",
    "hasPre": false,
    "hasPost": true,
    "script": "dist/index.js",
    "pre": null,
    "post": "dist/index.js",
    "nodeVersion": "node20",
    "cleanupCondition": "always()",
    "initCondition": "always()"
  },
  "deprecated": null
}
[2026-09-04 09:52:25Z INFO ActionManager] Action pre node.js file: N/A.
[2026-09-04 09:52:25Z INFO ActionManager] Action node.js file: dist/index.js.
[2026-09-04 09:52:25Z INFO ActionManager] Action post node.js file: dist/index.js.
[2026-09-04 09:52:25Z INFO ExecutionContext] Reserve record order 13 to 24 for post job actions.
[2026-09-04 09:52:25Z INFO HostContext] Well known directory 'Bin': 'C:\Users\thennarasuv\CICD\actions-runner\bin'
[2026-09-04 09:52:25Z INFO HostContext] Well known directory 'Root': 'C:\Users\thennarasuv\CICD\actions-runner'
[2026-09-04 09:52:25Z INFO HostContext] Well known directory 'Diag': 'C:\Users\thennarasuv\CICD\actions-runner\_diag'
[2026-09-04 09:52:25Z INFO HostContext] Well known directory 'Bin': 'C:\Users\thennarasuv\CICD\actions-runner\bin'
[2026-09-04 09:52:25Z INFO HostContext] Well known directory 'Root': 'C:\Users\thennarasuv\CICD\actions-runner'
[2026-09-04 09:52:25Z INFO HostContext] Well known directory 'Diag': 'C:\Users\thennarasuv\CICD\actions-runner\_diag'
[2026-09-04 09:52:25Z INFO HostContext] Well known directory 'Bin': 'C:\Users\thennarasuv\CICD\actions-runner\bin'
[2026-09-04 09:52:25Z INFO HostContext] Well known directory 'Root': 'C:\Users\thennarasuv\CICD\actions-runner'
[2026-09-04 09:52:25Z INFO HostContext] Well known directory 'Work': 'C:\Users\thennarasuv\CICD\actions-runner\_work'
[2026-09-04 09:52:25Z INFO HostContext] Well known directory 'Temp': 'C:\Users\thennarasuv\CICD\actions-runner\_work\_temp'
[2026-09-04 09:52:25Z INFO ExecutionContext] Write event payload to C:\Users\thennarasuv\CICD\actions-runner\_work\_temp\_github_workflow\event.json
[2026-09-04 09:52:25Z INFO HostContext] Well known directory 'Bin': 'C:\Users\thennarasuv\CICD\actions-runner\bin'
[2026-09-04 09:52:25Z INFO HostContext] Well known directory 'Root': 'C:\Users\thennarasuv\CICD\actions-runner'
[2026-09-04 09:52:25Z INFO HostContext] Well known directory 'Work': 'C:\Users\thennarasuv\CICD\actions-runner\_work'
[2026-09-04 09:52:25Z INFO HostContext] Well known directory 'Temp': 'C:\Users\thennarasuv\CICD\actions-runner\_work\_temp'
[2026-09-04 09:52:25Z INFO ExtensionManager] Getting extensions for interface: 'GitHub.Runner.Worker.IFileCommandExtension'
[2026-09-04 09:52:25Z INFO ExtensionManager] Creating instance: GitHub.Runner.Worker.AddPathFileCommand, Runner.Worker
[2026-09-04 09:52:25Z INFO ExtensionManager] Creating instance: GitHub.Runner.Worker.SetEnvFileCommand, Runner.Worker
[2026-09-04 09:52:25Z INFO ExtensionManager] Creating instance: GitHub.Runner.Worker.CreateStepSummaryCommand, Runner.Worker
[2026-09-04 09:52:25Z INFO ExtensionManager] Creating instance: GitHub.Runner.Worker.SaveStateFileCommand, Runner.Worker
[2026-09-04 09:52:25Z INFO ExtensionManager] Creating instance: GitHub.Runner.Worker.SetOutputFileCommand, Runner.Worker
[2026-09-04 09:52:25Z INFO ExtensionManager] Creating instance: GitHub.Runner.Worker.CreateArtifactsFileCommand, Runner.Worker
[2026-09-04 09:52:25Z INFO ExtensionManager] Creating instance: GitHub.Runner.Worker.ArtifactsListFileCommand, Runner.Worker
[2026-09-04 09:52:25Z INFO ActionManifestManagerLegacy] Input 'repository': default value evaluate result: {
  "type": 0,
  "file": 2,
  "line": 6,
  "col": 14,
  "lit": "dineshkumarvhns23-hash/CICD"
}
[2026-09-04 09:52:25Z INFO ActionManifestManagerLegacy] Input 'token': default value evaluate result: {
  "type": 0,
  "file": 2,
  "line": 24,
  "col": 14,
  "lit": "***"
}
[2026-09-04 09:52:25Z INFO ActionManifestManagerLegacy] Input 'ssh-key': default value evaluate result: ""
[2026-09-04 09:52:25Z INFO ActionManifestManagerLegacy] Input 'ssh-known-hosts': default value evaluate result: ""
[2026-09-04 09:52:25Z INFO ActionManifestManagerLegacy] Input 'ssh-strict': default value evaluate result: {
  "type": 0,
  "file": 2,
  "line": 47,
  "col": 14,
  "lit": "true"
}
[2026-09-04 09:52:25Z INFO ActionManifestManagerLegacy] Input 'ssh-user': default value evaluate result: {
  "type": 0,
  "file": 2,
  "line": 51,
  "col": 14,
  "lit": "git"
}
[2026-09-04 09:52:25Z INFO ActionManifestManagerLegacy] Input 'persist-credentials': default value evaluate result: {
  "type": 0,
  "file": 2,
  "line": 54,
  "col": 14,
  "lit": "true"
}
[2026-09-04 09:52:25Z INFO ActionManifestManagerLegacy] Input 'path': default value evaluate result: ""
[2026-09-04 09:52:25Z INFO ActionManifestManagerLegacy] Input 'clean': default value evaluate result: {
  "type": 0,
  "file": 2,
  "line": 59,
  "col": 14,
  "lit": "true"
}
[2026-09-04 09:52:25Z INFO ActionManifestManagerLegacy] Input 'filter': default value evaluate result: {
  "type": 0,
  "file": 2,
  "line": 64,
  "col": 14,
  "lit": ""
}
[2026-09-04 09:52:25Z INFO ActionManifestManagerLegacy] Input 'sparse-checkout': default value evaluate result: {
  "type": 0,
  "file": 2,
  "line": 69,
  "col": 14,
  "lit": ""
}
[2026-09-04 09:52:25Z INFO ActionManifestManagerLegacy] Input 'sparse-checkout-cone-mode': default value evaluate result: {
  "type": 0,
  "file": 2,
  "line": 73,
  "col": 14,
  "lit": "true"
}
[2026-09-04 09:52:25Z INFO ActionManifestManagerLegacy] Input 'fetch-depth': default value evaluate result: {
  "type": 0,
  "file": 2,
  "line": 76,
  "col": 14,
  "lit": "1"
}
[2026-09-04 09:52:25Z INFO ActionManifestManagerLegacy] Input 'fetch-tags': default value evaluate result: {
  "type": 0,
  "file": 2,
  "line": 79,
  "col": 14,
  "lit": "false"
}
[2026-09-04 09:52:25Z INFO ActionManifestManagerLegacy] Input 'show-progress': default value evaluate result: {
  "type": 0,
  "file": 2,
  "line": 82,
  "col": 14,
  "lit": "true"
}
[2026-09-04 09:52:25Z INFO ActionManifestManagerLegacy] Input 'lfs': default value evaluate result: {
  "type": 0,
  "file": 2,
  "line": 85,
  "col": 14,
  "lit": "false"
}
[2026-09-04 09:52:25Z INFO ActionManifestManagerLegacy] Input 'submodules': default value evaluate result: {
  "type": 0,
  "file": 2,
  "line": 94,
  "col": 14,
  "lit": "false"
}
[2026-09-04 09:52:25Z INFO ActionManifestManagerLegacy] Input 'set-safe-directory': default value evaluate result: {
  "type": 0,
  "file": 2,
  "line": 97,
  "col": 14,
  "lit": "true"
}
[2026-09-04 09:52:25Z INFO ActionManifestManagerLegacy] Input 'github-server-url': default value evaluate result: ""
[2026-09-04 09:52:25Z INFO ActionManifestManagerLegacy] Input 'allow-unsafe-pr-checkout': default value evaluate result: {
  "type": 0,
  "file": 2,
  "line": 109,
  "col": 14,
  "lit": "false"
}
[2026-09-04 09:52:25Z INFO ExtensionManager] Getting extensions for interface: 'GitHub.Runner.Worker.IActionCommandExtension'
[2026-09-04 09:52:25Z INFO ExtensionManager] Creating instance: GitHub.Runner.Worker.InternalPluginSetRepoPathCommandExtension, Runner.Worker
[2026-09-04 09:52:25Z INFO ExtensionManager] Creating instance: GitHub.Runner.Worker.SetEnvCommandExtension, Runner.Worker
[2026-09-04 09:52:25Z INFO ExtensionManager] Creating instance: GitHub.Runner.Worker.SetOutputCommandExtension, Runner.Worker
[2026-09-04 09:52:25Z INFO ExtensionManager] Creating instance: GitHub.Runner.Worker.SaveStateCommandExtension, Runner.Worker
[2026-09-04 09:52:25Z INFO ExtensionManager] Creating instance: GitHub.Runner.Worker.AddPathCommandExtension, Runner.Worker
[2026-09-04 09:52:25Z INFO ExtensionManager] Creating instance: GitHub.Runner.Worker.AddMaskCommandExtension, Runner.Worker
[2026-09-04 09:52:25Z INFO ExtensionManager] Creating instance: GitHub.Runner.Worker.AddMatcherCommandExtension, Runner.Worker
[2026-09-04 09:52:25Z INFO ExtensionManager] Creating instance: GitHub.Runner.Worker.RemoveMatcherCommandExtension, Runner.Worker
[2026-09-04 09:52:25Z INFO ExtensionManager] Creating instance: GitHub.Runner.Worker.WarningCommandExtension, Runner.Worker
[2026-09-04 09:52:25Z INFO ExtensionManager] Creating instance: GitHub.Runner.Worker.ErrorCommandExtension, Runner.Worker
[2026-09-04 09:52:25Z INFO ExtensionManager] Creating instance: GitHub.Runner.Worker.NoticeCommandExtension, Runner.Worker
[2026-09-04 09:52:25Z INFO ExtensionManager] Creating instance: GitHub.Runner.Worker.DebugCommandExtension, Runner.Worker
[2026-09-04 09:52:25Z INFO ExtensionManager] Creating instance: GitHub.Runner.Worker.GroupCommandExtension, Runner.Worker
[2026-09-04 09:52:25Z INFO ExtensionManager] Creating instance: GitHub.Runner.Worker.EndGroupCommandExtension, Runner.Worker
[2026-09-04 09:52:25Z INFO ExtensionManager] Creating instance: GitHub.Runner.Worker.EchoCommandExtension, Runner.Worker
[2026-09-04 09:52:25Z INFO ActionCommandManager] Register action command extension for command internal-set-repo-path
[2026-09-04 09:52:25Z INFO ActionCommandManager] Register action command extension for command set-env
[2026-09-04 09:52:25Z INFO ActionCommandManager] Register action command extension for command set-output
[2026-09-04 09:52:25Z INFO ActionCommandManager] Register action command extension for command save-state
[2026-09-04 09:52:25Z INFO ActionCommandManager] Register action command extension for command add-path
[2026-09-04 09:52:25Z INFO ActionCommandManager] Register action command extension for command add-mask
[2026-09-04 09:52:25Z INFO ActionCommandManager] Register action command extension for command add-matcher
[2026-09-04 09:52:25Z INFO ActionCommandManager] Register action command extension for command remove-matcher
[2026-09-04 09:52:25Z INFO ActionCommandManager] Register action command extension for command warning
[2026-09-04 09:52:25Z INFO ActionCommandManager] Register action command extension for command error
[2026-09-04 09:52:25Z INFO ActionCommandManager] Register action command extension for command notice
[2026-09-04 09:52:25Z INFO ActionCommandManager] Register action command extension for command debug
[2026-09-04 09:52:25Z INFO ActionCommandManager] Register action command extension for command group
[2026-09-04 09:52:25Z INFO ActionCommandManager] Register action command extension for command endgroup
[2026-09-04 09:52:25Z INFO ActionCommandManager] Register action command extension for command echo
[2026-09-04 09:52:25Z INFO HostContext] Well known directory 'Bin': 'C:\Users\thennarasuv\CICD\actions-runner\bin'
[2026-09-04 09:52:25Z INFO HostContext] Well known directory 'Root': 'C:\Users\thennarasuv\CICD\actions-runner'
[2026-09-04 09:52:25Z INFO HostContext] Well known directory 'Externals': 'C:\Users\thennarasuv\CICD\actions-runner\externals'
[2026-09-04 09:52:25Z INFO ProcessInvokerWrapper] Starting process:
[2026-09-04 09:52:25Z INFO ProcessInvokerWrapper]   File name: 'C:\Users\thennarasuv\CICD\actions-runner\externals\node24\bin\node.exe'
[2026-09-04 09:52:25Z INFO ProcessInvokerWrapper]   Arguments: '"C:\Users\thennarasuv\CICD\actions-runner\_work\_actions\actions\checkout\v4\dist/index.js"'
[2026-09-04 09:52:25Z INFO ProcessInvokerWrapper]   Working directory: 'C:\Users\thennarasuv\CICD\actions-runner\_work\CICD\CICD'
[2026-09-04 09:52:25Z INFO ProcessInvokerWrapper]   Require exit code zero: 'False'
[2026-09-04 09:52:25Z INFO ProcessInvokerWrapper]   Encoding web name: utf-8 ; code page: '65001'
[2026-09-04 09:52:25Z INFO ProcessInvokerWrapper]   Force kill process on cancellation: 'False'
[2026-09-04 09:52:25Z INFO ProcessInvokerWrapper]   Redirected STDIN: 'False'
[2026-09-04 09:52:25Z INFO ProcessInvokerWrapper]   Persist current code page: 'True'
[2026-09-04 09:52:25Z INFO ProcessInvokerWrapper]   Keep redirected STDIN open: 'False'
[2026-09-04 09:52:25Z INFO ProcessInvokerWrapper]   High priority process: 'False'
[2026-09-04 09:52:25Z INFO JobServerQueue] Got a step log file to send to results service.
[2026-09-04 09:52:25Z INFO JobServerQueue] Starting upload of step log file to results service ResultsLog, C:\Users\thennarasuv\CICD\actions-runner\_diag\blocks\e96ba536-905e-4f28-8814-8c89d94cd3f9_570612b5-ad23-482d-a4c6-3901c626da00.1
[2026-09-04 09:52:25Z INFO JobServerQueue] Try to upload 1 log files or attachments, success rate: 1/1.
[2026-09-04 09:52:25Z INFO JobServerQueue] Try to append 1 batches web console lines for record 'a96dd026-efd9-473a-93df-d4302f982424', success rate: 1/1.
[2026-09-04 09:52:25Z INFO ProcessInvokerWrapper] Process started with process id 5696, waiting for process exit.
[2026-09-04 09:52:26Z INFO JobServerQueue] Try to append 1 batches web console lines for record 'a96dd026-efd9-473a-93df-d4302f982424', success rate: 1/1.
[2026-09-04 09:52:26Z INFO AddMaskCommandExtension] Add new secret mask with length of 524
[2026-09-04 09:52:26Z INFO JobServerQueue] Try to append 1 batches web console lines for record 'a96dd026-efd9-473a-93df-d4302f982424', success rate: 1/1.
[2026-09-04 09:52:26Z INFO JobServerQueue] Try to append 1 batches web console lines for record 'a96dd026-efd9-473a-93df-d4302f982424', success rate: 1/1.
[2026-09-04 09:52:27Z INFO JobServerQueue] Tried to upload 1 file(s) to results, success rate: 1/1.
[2026-09-04 09:52:27Z INFO JobServerQueue] Try to append 1 batches web console lines for record 'a96dd026-efd9-473a-93df-d4302f982424', success rate: 1/1.
[2026-09-04 09:52:28Z INFO JobServerQueue] Try to append 1 batches web console lines for record 'a96dd026-efd9-473a-93df-d4302f982424', success rate: 1/1.
[2026-09-04 09:52:30Z INFO JobServerQueue] Try to append 1 batches web console lines for record 'a96dd026-efd9-473a-93df-d4302f982424', success rate: 1/1.
[2026-09-04 09:52:30Z INFO JobServerQueue] Try to append 1 batches web console lines for record 'a96dd026-efd9-473a-93df-d4302f982424', success rate: 1/1.
[2026-09-04 09:52:32Z INFO JobServerQueue] Try to append 1 batches web console lines for record 'a96dd026-efd9-473a-93df-d4302f982424', success rate: 1/1.
[2026-09-04 09:52:34Z INFO JobServerQueue] Try to append 1 batches web console lines for record 'a96dd026-efd9-473a-93df-d4302f982424', success rate: 1/1.
[2026-09-04 09:52:34Z INFO JobServerQueue] Try to append 1 batches web console lines for record 'a96dd026-efd9-473a-93df-d4302f982424', success rate: 1/1.
[2026-09-04 09:52:35Z INFO JobServerQueue] Try to append 1 batches web console lines for record 'a96dd026-efd9-473a-93df-d4302f982424', success rate: 1/1.
[2026-09-04 09:52:35Z INFO ProcessInvokerWrapper] STDOUT/STDERR stream read finished.
[2026-09-04 09:52:35Z INFO ProcessInvokerWrapper] STDOUT/STDERR stream read finished.
[2026-09-04 09:52:35Z INFO ProcessInvokerWrapper] Finished process 5696 with exit code 0, and elapsed time 00:00:09.8382069.
[2026-09-04 09:52:35Z INFO CreateStepSummaryCommand] Step Summary file (C:\Users\thennarasuv\CICD\actions-runner\_work\_temp\_runner_file_commands\step_summary_62d7d623-746d-4f46-a0f6-a3ea408f0c23) is empty; skipping attachment upload
[2026-09-04 09:52:35Z INFO HostContext] Well known directory 'Bin': 'C:\Users\thennarasuv\CICD\actions-runner\bin'
[2026-09-04 09:52:35Z INFO HostContext] Well known directory 'Root': 'C:\Users\thennarasuv\CICD\actions-runner'
[2026-09-04 09:52:35Z INFO HostContext] Well known directory 'Work': 'C:\Users\thennarasuv\CICD\actions-runner\_work'
[2026-09-04 09:52:35Z INFO StepsRunner] Step result: 
[2026-09-04 09:52:35Z INFO ExecutionContext] Publish step telemetry for current step {
  "action": "actions/checkout",
  "ref": "v4",
  "type": "node24",
  "stage": "Main",
  "stepId": "a96dd026-efd9-473a-93df-d4302f982424",
  "stepContextName": "__actions_checkout",
  "hasPreStep": false,
  "hasPostStep": true,
  "result": "succeeded",
  "errorMessages": [],
  "executionTimeInSeconds": 10,
  "startTime": "2026-09-04T09:52:25.0635874Z",
  "finishTime": "2026-09-04T09:52:35.0527698Z"
}.
[2026-09-04 09:52:35Z INFO StepsRunner] No need for updating job result with current step result 'Succeeded'.
[2026-09-04 09:52:35Z INFO StepsRunner] Current state: job state = ''
[2026-09-04 09:52:35Z INFO StepsRunner] Processing step: DisplayName='Display deployment information'
[2026-09-04 09:52:35Z INFO StepsRunner] Evaluating: success()
[2026-09-04 09:52:35Z INFO StepsRunner] Result: true
[2026-09-04 09:52:35Z INFO StepsRunner] Starting the step.
[2026-09-04 09:52:35Z INFO HostContext] Well known directory 'Bin': 'C:\Users\thennarasuv\CICD\actions-runner\bin'
[2026-09-04 09:52:35Z INFO HostContext] Well known directory 'Root': 'C:\Users\thennarasuv\CICD\actions-runner'
[2026-09-04 09:52:35Z INFO HostContext] Well known directory 'Work': 'C:\Users\thennarasuv\CICD\actions-runner\_work'
[2026-09-04 09:52:35Z INFO StepsRunner] Which2: 'chcp'
[2026-09-04 09:52:35Z INFO StepsRunner] Location: 'C:\WINDOWS\system32\chcp.COM'
[2026-09-04 09:52:35Z INFO ProcessInvokerWrapper] Starting process:
[2026-09-04 09:52:35Z INFO ProcessInvokerWrapper]   File name: 'C:\WINDOWS\system32\chcp.COM'
[2026-09-04 09:52:35Z INFO ProcessInvokerWrapper]   Arguments: '65001'
[2026-09-04 09:52:35Z INFO ProcessInvokerWrapper]   Working directory: 'C:\Users\thennarasuv\CICD\actions-runner\_work'
[2026-09-04 09:52:35Z INFO ProcessInvokerWrapper]   Require exit code zero: 'False'
[2026-09-04 09:52:35Z INFO ProcessInvokerWrapper]   Encoding web name:  ; code page: ''
[2026-09-04 09:52:35Z INFO ProcessInvokerWrapper]   Force kill process on cancellation: 'False'
[2026-09-04 09:52:35Z INFO ProcessInvokerWrapper]   Redirected STDIN: 'False'
[2026-09-04 09:52:35Z INFO ProcessInvokerWrapper]   Persist current code page: 'True'
[2026-09-04 09:52:35Z INFO ProcessInvokerWrapper]   Keep redirected STDIN open: 'False'
[2026-09-04 09:52:35Z INFO ProcessInvokerWrapper]   High priority process: 'False'
[2026-09-04 09:52:35Z INFO ProcessInvokerWrapper] Process started with process id 12996, waiting for process exit.
[2026-09-04 09:52:35Z INFO JobServerQueue] Got a step log file to send to results service.
[2026-09-04 09:52:35Z INFO JobServerQueue] Starting upload of step log file to results service ResultsLog, C:\Users\thennarasuv\CICD\actions-runner\_diag\blocks\e96ba536-905e-4f28-8814-8c89d94cd3f9_a96dd026-efd9-473a-93df-d4302f982424.1
[2026-09-04 09:52:35Z INFO ProcessInvokerWrapper] STDOUT/STDERR stream read finished.
[2026-09-04 09:52:35Z INFO ProcessInvokerWrapper] STDOUT/STDERR stream read finished.
[2026-09-04 09:52:35Z INFO ProcessInvokerWrapper] Finished process 12996 with exit code 0, and elapsed time 00:00:00.0403270.
[2026-09-04 09:52:35Z INFO StepsRunner] Successfully returned to code page 65001 (UTF8)
[2026-09-04 09:52:35Z INFO HostContext] Well known directory 'Bin': 'C:\Users\thennarasuv\CICD\actions-runner\bin'
[2026-09-04 09:52:35Z INFO HostContext] Well known directory 'Root': 'C:\Users\thennarasuv\CICD\actions-runner'
[2026-09-04 09:52:35Z INFO HostContext] Well known directory 'Work': 'C:\Users\thennarasuv\CICD\actions-runner\_work'
[2026-09-04 09:52:35Z INFO HostContext] Well known directory 'Temp': 'C:\Users\thennarasuv\CICD\actions-runner\_work\_temp'
[2026-09-04 09:52:35Z INFO ExecutionContext] Write event payload to C:\Users\thennarasuv\CICD\actions-runner\_work\_temp\_github_workflow\event.json
[2026-09-04 09:52:35Z INFO HostContext] Well known directory 'Bin': 'C:\Users\thennarasuv\CICD\actions-runner\bin'
[2026-09-04 09:52:35Z INFO HostContext] Well known directory 'Root': 'C:\Users\thennarasuv\CICD\actions-runner'
[2026-09-04 09:52:35Z INFO HostContext] Well known directory 'Work': 'C:\Users\thennarasuv\CICD\actions-runner\_work'
[2026-09-04 09:52:35Z INFO HostContext] Well known directory 'Temp': 'C:\Users\thennarasuv\CICD\actions-runner\_work\_temp'
[2026-09-04 09:52:35Z INFO ExtensionManager] Getting extensions for interface: 'GitHub.Runner.Worker.IFileCommandExtension'
[2026-09-04 09:52:35Z INFO ExtensionManager] Getting extensions for interface: 'GitHub.Runner.Worker.IActionCommandExtension'
[2026-09-04 09:52:35Z INFO ActionCommandManager] Register action command extension for command internal-set-repo-path
[2026-09-04 09:52:35Z INFO ActionCommandManager] Register action command extension for command set-env
[2026-09-04 09:52:35Z INFO ActionCommandManager] Register action command extension for command set-output
[2026-09-04 09:52:35Z INFO ActionCommandManager] Register action command extension for command save-state
[2026-09-04 09:52:35Z INFO ActionCommandManager] Register action command extension for command add-path
[2026-09-04 09:52:35Z INFO ActionCommandManager] Register action command extension for command add-mask
[2026-09-04 09:52:35Z INFO ActionCommandManager] Register action command extension for command add-matcher
[2026-09-04 09:52:35Z INFO ActionCommandManager] Register action command extension for command remove-matcher
[2026-09-04 09:52:35Z INFO ActionCommandManager] Register action command extension for command warning
[2026-09-04 09:52:35Z INFO ActionCommandManager] Register action command extension for command error
[2026-09-04 09:52:35Z INFO ActionCommandManager] Register action command extension for command notice
[2026-09-04 09:52:35Z INFO ActionCommandManager] Register action command extension for command debug
[2026-09-04 09:52:35Z INFO ActionCommandManager] Register action command extension for command group
[2026-09-04 09:52:35Z INFO ActionCommandManager] Register action command extension for command endgroup
[2026-09-04 09:52:35Z INFO ActionCommandManager] Register action command extension for command echo
[2026-09-04 09:52:35Z INFO ScriptHandler] Which2: 'powershell'
[2026-09-04 09:52:35Z INFO ScriptHandler] Location: 'C:\WINDOWS\System32\WindowsPowerShell\v1.0\powershell.EXE'
[2026-09-04 09:52:35Z INFO HostContext] Well known directory 'Bin': 'C:\Users\thennarasuv\CICD\actions-runner\bin'
[2026-09-04 09:52:35Z INFO HostContext] Well known directory 'Root': 'C:\Users\thennarasuv\CICD\actions-runner'
[2026-09-04 09:52:35Z INFO HostContext] Well known directory 'Work': 'C:\Users\thennarasuv\CICD\actions-runner\_work'
[2026-09-04 09:52:35Z INFO HostContext] Well known directory 'Temp': 'C:\Users\thennarasuv\CICD\actions-runner\_work\_temp'
[2026-09-04 09:52:35Z INFO ScriptHandler] Which2: 'powershell'
[2026-09-04 09:52:35Z INFO ScriptHandler] Location: 'C:\WINDOWS\System32\WindowsPowerShell\v1.0\powershell.EXE'
[2026-09-04 09:52:35Z INFO ProcessInvokerWrapper] Starting process:
[2026-09-04 09:52:35Z INFO ProcessInvokerWrapper]   File name: 'C:\WINDOWS\System32\WindowsPowerShell\v1.0\powershell.EXE'
[2026-09-04 09:52:35Z INFO ProcessInvokerWrapper]   Arguments: '-command ". 'C:\Users\thennarasuv\CICD\actions-runner\_work\_temp\417a4510-8a91-4ab7-8ddd-e77866198726.ps1'"'
[2026-09-04 09:52:35Z INFO ProcessInvokerWrapper]   Working directory: 'C:\Users\thennarasuv\CICD\actions-runner\_work\CICD\CICD'
[2026-09-04 09:52:35Z INFO ProcessInvokerWrapper]   Require exit code zero: 'False'
[2026-09-04 09:52:35Z INFO ProcessInvokerWrapper]   Encoding web name:  ; code page: ''
[2026-09-04 09:52:35Z INFO ProcessInvokerWrapper]   Force kill process on cancellation: 'False'
[2026-09-04 09:52:35Z INFO ProcessInvokerWrapper]   Redirected STDIN: 'False'
[2026-09-04 09:52:35Z INFO ProcessInvokerWrapper]   Persist current code page: 'True'
[2026-09-04 09:52:35Z INFO ProcessInvokerWrapper]   Keep redirected STDIN open: 'False'
[2026-09-04 09:52:35Z INFO ProcessInvokerWrapper]   High priority process: 'False'
[2026-09-04 09:52:35Z INFO ProcessInvokerWrapper] Process started with process id 14460, waiting for process exit.
[2026-09-04 09:52:35Z INFO JobServerQueue] Try to append 1 batches web console lines for record 'a96dd026-efd9-473a-93df-d4302f982424', success rate: 1/1.
[2026-09-04 09:52:35Z INFO JobServerQueue] Try to append 1 batches web console lines for record '9d901175-8e74-4a97-bcf3-54976119d1a8', success rate: 1/1.
[2026-09-04 09:52:35Z INFO JobServerQueue] Try to upload 1 log files or attachments, success rate: 1/1.
[2026-09-04 09:52:35Z INFO JobServerQueue] Try to append 1 batches web console lines for record '9d901175-8e74-4a97-bcf3-54976119d1a8', success rate: 1/1.
[2026-09-04 09:52:35Z INFO ProcessInvokerWrapper] STDOUT/STDERR stream read finished.
[2026-09-04 09:52:35Z INFO ProcessInvokerWrapper] STDOUT/STDERR stream read finished.
[2026-09-04 09:52:35Z INFO ProcessInvokerWrapper] Finished process 14460 with exit code 0, and elapsed time 00:00:00.4513341.
[2026-09-04 09:52:35Z INFO CreateStepSummaryCommand] Step Summary file (C:\Users\thennarasuv\CICD\actions-runner\_work\_temp\_runner_file_commands\step_summary_c2fe393e-8128-4a07-a49c-8f0a6bbafba6) is empty; skipping attachment upload
[2026-09-04 09:52:35Z INFO StepsRunner] Step result: 
[2026-09-04 09:52:35Z INFO ExecutionContext] Publish step telemetry for current step {
  "action": "powershell",
  "type": "run",
  "stage": "Main",
  "stepId": "9d901175-8e74-4a97-bcf3-54976119d1a8",
  "stepContextName": "__run",
  "result": "succeeded",
  "errorMessages": [],
  "executionTimeInSeconds": 1,
  "startTime": "2026-09-04T09:52:35.0545584Z",
  "finishTime": "2026-09-04T09:52:35.5822339Z"
}.
[2026-09-04 09:52:35Z INFO StepsRunner] No need for updating job result with current step result 'Succeeded'.
[2026-09-04 09:52:35Z INFO StepsRunner] Current state: job state = ''
[2026-09-04 09:52:35Z INFO StepsRunner] Processing step: DisplayName='Verify Kubernetes connection'
[2026-09-04 09:52:35Z INFO StepsRunner] Evaluating: success()
[2026-09-04 09:52:35Z INFO StepsRunner] Result: true
[2026-09-04 09:52:35Z INFO StepsRunner] Starting the step.
[2026-09-04 09:52:35Z INFO HostContext] Well known directory 'Bin': 'C:\Users\thennarasuv\CICD\actions-runner\bin'
[2026-09-04 09:52:35Z INFO HostContext] Well known directory 'Root': 'C:\Users\thennarasuv\CICD\actions-runner'
[2026-09-04 09:52:35Z INFO HostContext] Well known directory 'Work': 'C:\Users\thennarasuv\CICD\actions-runner\_work'
[2026-09-04 09:52:35Z INFO StepsRunner] Which2: 'chcp'
[2026-09-04 09:52:35Z INFO StepsRunner] Location: 'C:\WINDOWS\system32\chcp.COM'
[2026-09-04 09:52:35Z INFO ProcessInvokerWrapper] Starting process:
[2026-09-04 09:52:35Z INFO ProcessInvokerWrapper]   File name: 'C:\WINDOWS\system32\chcp.COM'
[2026-09-04 09:52:35Z INFO ProcessInvokerWrapper]   Arguments: '65001'
[2026-09-04 09:52:35Z INFO ProcessInvokerWrapper]   Working directory: 'C:\Users\thennarasuv\CICD\actions-runner\_work'
[2026-09-04 09:52:35Z INFO ProcessInvokerWrapper]   Require exit code zero: 'False'
[2026-09-04 09:52:35Z INFO ProcessInvokerWrapper]   Encoding web name:  ; code page: ''
[2026-09-04 09:52:35Z INFO ProcessInvokerWrapper]   Force kill process on cancellation: 'False'
[2026-09-04 09:52:35Z INFO ProcessInvokerWrapper]   Redirected STDIN: 'False'
[2026-09-04 09:52:35Z INFO ProcessInvokerWrapper]   Persist current code page: 'True'
[2026-09-04 09:52:35Z INFO ProcessInvokerWrapper]   Keep redirected STDIN open: 'False'
[2026-09-04 09:52:35Z INFO ProcessInvokerWrapper]   High priority process: 'False'
[2026-09-04 09:52:35Z INFO ProcessInvokerWrapper] Process started with process id 19084, waiting for process exit.
[2026-09-04 09:52:35Z INFO ProcessInvokerWrapper] STDOUT/STDERR stream read finished.
[2026-09-04 09:52:35Z INFO ProcessInvokerWrapper] STDOUT/STDERR stream read finished.
[2026-09-04 09:52:35Z INFO ProcessInvokerWrapper] Finished process 19084 with exit code 0, and elapsed time 00:00:00.0367415.
[2026-09-04 09:52:35Z INFO StepsRunner] Successfully returned to code page 65001 (UTF8)
[2026-09-04 09:52:35Z INFO HostContext] Well known directory 'Bin': 'C:\Users\thennarasuv\CICD\actions-runner\bin'
[2026-09-04 09:52:35Z INFO HostContext] Well known directory 'Root': 'C:\Users\thennarasuv\CICD\actions-runner'
[2026-09-04 09:52:35Z INFO HostContext] Well known directory 'Work': 'C:\Users\thennarasuv\CICD\actions-runner\_work'
[2026-09-04 09:52:35Z INFO HostContext] Well known directory 'Temp': 'C:\Users\thennarasuv\CICD\actions-runner\_work\_temp'
[2026-09-04 09:52:35Z INFO ExecutionContext] Write event payload to C:\Users\thennarasuv\CICD\actions-runner\_work\_temp\_github_workflow\event.json
[2026-09-04 09:52:35Z INFO HostContext] Well known directory 'Bin': 'C:\Users\thennarasuv\CICD\actions-runner\bin'
[2026-09-04 09:52:35Z INFO HostContext] Well known directory 'Root': 'C:\Users\thennarasuv\CICD\actions-runner'
[2026-09-04 09:52:35Z INFO HostContext] Well known directory 'Work': 'C:\Users\thennarasuv\CICD\actions-runner\_work'
[2026-09-04 09:52:35Z INFO HostContext] Well known directory 'Temp': 'C:\Users\thennarasuv\CICD\actions-runner\_work\_temp'
[2026-09-04 09:52:35Z INFO ExtensionManager] Getting extensions for interface: 'GitHub.Runner.Worker.IFileCommandExtension'
[2026-09-04 09:52:35Z INFO ExtensionManager] Getting extensions for interface: 'GitHub.Runner.Worker.IActionCommandExtension'
[2026-09-04 09:52:35Z INFO ActionCommandManager] Register action command extension for command internal-set-repo-path
[2026-09-04 09:52:35Z INFO ActionCommandManager] Register action command extension for command set-env
[2026-09-04 09:52:35Z INFO ActionCommandManager] Register action command extension for command set-output
[2026-09-04 09:52:35Z INFO ActionCommandManager] Register action command extension for command save-state
[2026-09-04 09:52:35Z INFO ActionCommandManager] Register action command extension for command add-path
[2026-09-04 09:52:35Z INFO ActionCommandManager] Register action command extension for command add-mask
[2026-09-04 09:52:35Z INFO ActionCommandManager] Register action command extension for command add-matcher
[2026-09-04 09:52:35Z INFO ActionCommandManager] Register action command extension for command remove-matcher
[2026-09-04 09:52:35Z INFO ActionCommandManager] Register action command extension for command warning
[2026-09-04 09:52:35Z INFO ActionCommandManager] Register action command extension for command error
[2026-09-04 09:52:35Z INFO ActionCommandManager] Register action command extension for command notice
[2026-09-04 09:52:35Z INFO ActionCommandManager] Register action command extension for command debug
[2026-09-04 09:52:35Z INFO ActionCommandManager] Register action command extension for command group
[2026-09-04 09:52:35Z INFO ActionCommandManager] Register action command extension for command endgroup
[2026-09-04 09:52:35Z INFO ActionCommandManager] Register action command extension for command echo
[2026-09-04 09:52:35Z INFO ScriptHandler] Which2: 'powershell'
[2026-09-04 09:52:35Z INFO ScriptHandler] Location: 'C:\WINDOWS\System32\WindowsPowerShell\v1.0\powershell.EXE'
[2026-09-04 09:52:35Z INFO HostContext] Well known directory 'Bin': 'C:\Users\thennarasuv\CICD\actions-runner\bin'
[2026-09-04 09:52:35Z INFO HostContext] Well known directory 'Root': 'C:\Users\thennarasuv\CICD\actions-runner'
[2026-09-04 09:52:35Z INFO HostContext] Well known directory 'Work': 'C:\Users\thennarasuv\CICD\actions-runner\_work'
[2026-09-04 09:52:35Z INFO HostContext] Well known directory 'Temp': 'C:\Users\thennarasuv\CICD\actions-runner\_work\_temp'
[2026-09-04 09:52:35Z INFO ScriptHandler] Which2: 'powershell'
[2026-09-04 09:52:35Z INFO ScriptHandler] Location: 'C:\WINDOWS\System32\WindowsPowerShell\v1.0\powershell.EXE'
[2026-09-04 09:52:35Z INFO ProcessInvokerWrapper] Starting process:
[2026-09-04 09:52:35Z INFO ProcessInvokerWrapper]   File name: 'C:\WINDOWS\System32\WindowsPowerShell\v1.0\powershell.EXE'
[2026-09-04 09:52:35Z INFO ProcessInvokerWrapper]   Arguments: '-command ". 'C:\Users\thennarasuv\CICD\actions-runner\_work\_temp\8e054b92-82a5-44ff-a7c3-a8fa7a958c00.ps1'"'
[2026-09-04 09:52:35Z INFO ProcessInvokerWrapper]   Working directory: 'C:\Users\thennarasuv\CICD\actions-runner\_work\CICD\CICD'
[2026-09-04 09:52:35Z INFO ProcessInvokerWrapper]   Require exit code zero: 'False'
[2026-09-04 09:52:35Z INFO ProcessInvokerWrapper]   Encoding web name:  ; code page: ''
[2026-09-04 09:52:35Z INFO ProcessInvokerWrapper]   Force kill process on cancellation: 'False'
[2026-09-04 09:52:35Z INFO ProcessInvokerWrapper]   Redirected STDIN: 'False'
[2026-09-04 09:52:35Z INFO ProcessInvokerWrapper]   Persist current code page: 'True'
[2026-09-04 09:52:35Z INFO ProcessInvokerWrapper]   Keep redirected STDIN open: 'False'
[2026-09-04 09:52:35Z INFO ProcessInvokerWrapper]   High priority process: 'False'
[2026-09-04 09:52:35Z INFO ProcessInvokerWrapper] Process started with process id 18000, waiting for process exit.
[2026-09-04 09:52:35Z INFO JobServerQueue] Try to append 1 batches web console lines for record '7eba6f91-bcc9-4188-8787-00b6dde7b2d5', success rate: 1/1.
[2026-09-04 09:52:35Z INFO JobServerQueue] Tried to upload 1 file(s) to results, success rate: 1/1.
[2026-09-04 09:52:36Z INFO JobServerQueue] Try to append 1 batches web console lines for record '7eba6f91-bcc9-4188-8787-00b6dde7b2d5', success rate: 1/1.
[2026-09-04 09:52:36Z INFO JobServerQueue] Try to append 1 batches web console lines for record '7eba6f91-bcc9-4188-8787-00b6dde7b2d5', success rate: 1/1.
[2026-09-04 09:52:36Z INFO JobServerQueue] Try to upload 1 log files or attachments, success rate: 1/1.
[2026-09-04 09:52:36Z INFO ProcessInvokerWrapper] STDOUT/STDERR stream read finished.
[2026-09-04 09:52:36Z INFO ProcessInvokerWrapper] STDOUT/STDERR stream read finished.
[2026-09-04 09:52:36Z INFO ProcessInvokerWrapper] Finished process 18000 with exit code 0, and elapsed time 00:00:00.7283992.
[2026-09-04 09:52:36Z INFO CreateStepSummaryCommand] Step Summary file (C:\Users\thennarasuv\CICD\actions-runner\_work\_temp\_runner_file_commands\step_summary_6e3ee30b-52a5-40f6-a039-071ad522a34d) is empty; skipping attachment upload
[2026-09-04 09:52:36Z INFO StepsRunner] Step result: 
[2026-09-04 09:52:36Z INFO ExecutionContext] Publish step telemetry for current step {
  "action": "powershell",
  "type": "run",
  "stage": "Main",
  "stepId": "7eba6f91-bcc9-4188-8787-00b6dde7b2d5",
  "stepContextName": "__run_2",
  "result": "succeeded",
  "errorMessages": [],
  "executionTimeInSeconds": 1,
  "startTime": "2026-09-04T09:52:35.5836102Z",
  "finishTime": "2026-09-04T09:52:36.372315Z"
}.
[2026-09-04 09:52:36Z INFO StepsRunner] No need for updating job result with current step result 'Succeeded'.
[2026-09-04 09:52:36Z INFO StepsRunner] Current state: job state = ''
[2026-09-04 09:52:36Z INFO StepsRunner] Processing step: DisplayName='Verify CICD namespace'
[2026-09-04 09:52:36Z INFO StepsRunner] Evaluating: success()
[2026-09-04 09:52:36Z INFO StepsRunner] Result: true
[2026-09-04 09:52:36Z INFO StepsRunner] Starting the step.
[2026-09-04 09:52:36Z INFO HostContext] Well known directory 'Bin': 'C:\Users\thennarasuv\CICD\actions-runner\bin'
[2026-09-04 09:52:36Z INFO HostContext] Well known directory 'Root': 'C:\Users\thennarasuv\CICD\actions-runner'
[2026-09-04 09:52:36Z INFO HostContext] Well known directory 'Work': 'C:\Users\thennarasuv\CICD\actions-runner\_work'
[2026-09-04 09:52:36Z INFO StepsRunner] Which2: 'chcp'
[2026-09-04 09:52:36Z INFO StepsRunner] Location: 'C:\WINDOWS\system32\chcp.COM'
[2026-09-04 09:52:36Z INFO ProcessInvokerWrapper] Starting process:
[2026-09-04 09:52:36Z INFO ProcessInvokerWrapper]   File name: 'C:\WINDOWS\system32\chcp.COM'
[2026-09-04 09:52:36Z INFO ProcessInvokerWrapper]   Arguments: '65001'
[2026-09-04 09:52:36Z INFO ProcessInvokerWrapper]   Working directory: 'C:\Users\thennarasuv\CICD\actions-runner\_work'
[2026-09-04 09:52:36Z INFO ProcessInvokerWrapper]   Require exit code zero: 'False'
[2026-09-04 09:52:36Z INFO ProcessInvokerWrapper]   Encoding web name:  ; code page: ''
[2026-09-04 09:52:36Z INFO ProcessInvokerWrapper]   Force kill process on cancellation: 'False'
[2026-09-04 09:52:36Z INFO ProcessInvokerWrapper]   Redirected STDIN: 'False'
[2026-09-04 09:52:36Z INFO ProcessInvokerWrapper]   Persist current code page: 'True'
[2026-09-04 09:52:36Z INFO ProcessInvokerWrapper]   Keep redirected STDIN open: 'False'
[2026-09-04 09:52:36Z INFO ProcessInvokerWrapper]   High priority process: 'False'
[2026-09-04 09:52:36Z INFO ProcessInvokerWrapper] Process started with process id 11044, waiting for process exit.
[2026-09-04 09:52:36Z INFO ProcessInvokerWrapper] STDOUT/STDERR stream read finished.
[2026-09-04 09:52:36Z INFO ProcessInvokerWrapper] STDOUT/STDERR stream read finished.
[2026-09-04 09:52:36Z INFO ProcessInvokerWrapper] Finished process 11044 with exit code 0, and elapsed time 00:00:00.0360572.
[2026-09-04 09:52:36Z INFO StepsRunner] Successfully returned to code page 65001 (UTF8)
[2026-09-04 09:52:36Z INFO HostContext] Well known directory 'Bin': 'C:\Users\thennarasuv\CICD\actions-runner\bin'
[2026-09-04 09:52:36Z INFO HostContext] Well known directory 'Root': 'C:\Users\thennarasuv\CICD\actions-runner'
[2026-09-04 09:52:36Z INFO HostContext] Well known directory 'Work': 'C:\Users\thennarasuv\CICD\actions-runner\_work'
[2026-09-04 09:52:36Z INFO HostContext] Well known directory 'Temp': 'C:\Users\thennarasuv\CICD\actions-runner\_work\_temp'
[2026-09-04 09:52:36Z INFO ExecutionContext] Write event payload to C:\Users\thennarasuv\CICD\actions-runner\_work\_temp\_github_workflow\event.json
[2026-09-04 09:52:36Z INFO HostContext] Well known directory 'Bin': 'C:\Users\thennarasuv\CICD\actions-runner\bin'
[2026-09-04 09:52:36Z INFO HostContext] Well known directory 'Root': 'C:\Users\thennarasuv\CICD\actions-runner'
[2026-09-04 09:52:36Z INFO HostContext] Well known directory 'Work': 'C:\Users\thennarasuv\CICD\actions-runner\_work'
[2026-09-04 09:52:36Z INFO HostContext] Well known directory 'Temp': 'C:\Users\thennarasuv\CICD\actions-runner\_work\_temp'
[2026-09-04 09:52:36Z INFO ExtensionManager] Getting extensions for interface: 'GitHub.Runner.Worker.IFileCommandExtension'
[2026-09-04 09:52:36Z INFO ExtensionManager] Getting extensions for interface: 'GitHub.Runner.Worker.IActionCommandExtension'
[2026-09-04 09:52:36Z INFO ActionCommandManager] Register action command extension for command internal-set-repo-path
[2026-09-04 09:52:36Z INFO ActionCommandManager] Register action command extension for command set-env
[2026-09-04 09:52:36Z INFO ActionCommandManager] Register action command extension for command set-output
[2026-09-04 09:52:36Z INFO ActionCommandManager] Register action command extension for command save-state
[2026-09-04 09:52:36Z INFO ActionCommandManager] Register action command extension for command add-path
[2026-09-04 09:52:36Z INFO ActionCommandManager] Register action command extension for command add-mask
[2026-09-04 09:52:36Z INFO ActionCommandManager] Register action command extension for command add-matcher
[2026-09-04 09:52:36Z INFO ActionCommandManager] Register action command extension for command remove-matcher
[2026-09-04 09:52:36Z INFO ActionCommandManager] Register action command extension for command warning
[2026-09-04 09:52:36Z INFO ActionCommandManager] Register action command extension for command error
[2026-09-04 09:52:36Z INFO ActionCommandManager] Register action command extension for command notice
[2026-09-04 09:52:36Z INFO ActionCommandManager] Register action command extension for command debug
[2026-09-04 09:52:36Z INFO ActionCommandManager] Register action command extension for command group
[2026-09-04 09:52:36Z INFO ActionCommandManager] Register action command extension for command endgroup
[2026-09-04 09:52:36Z INFO ActionCommandManager] Register action command extension for command echo
[2026-09-04 09:52:36Z INFO ScriptHandler] Which2: 'powershell'
[2026-09-04 09:52:36Z INFO ScriptHandler] Location: 'C:\WINDOWS\System32\WindowsPowerShell\v1.0\powershell.EXE'
[2026-09-04 09:52:36Z INFO HostContext] Well known directory 'Bin': 'C:\Users\thennarasuv\CICD\actions-runner\bin'
[2026-09-04 09:52:36Z INFO HostContext] Well known directory 'Root': 'C:\Users\thennarasuv\CICD\actions-runner'
[2026-09-04 09:52:36Z INFO HostContext] Well known directory 'Work': 'C:\Users\thennarasuv\CICD\actions-runner\_work'
[2026-09-04 09:52:36Z INFO HostContext] Well known directory 'Temp': 'C:\Users\thennarasuv\CICD\actions-runner\_work\_temp'
[2026-09-04 09:52:36Z INFO ScriptHandler] Which2: 'powershell'
[2026-09-04 09:52:36Z INFO ScriptHandler] Location: 'C:\WINDOWS\System32\WindowsPowerShell\v1.0\powershell.EXE'
[2026-09-04 09:52:36Z INFO ProcessInvokerWrapper] Starting process:
[2026-09-04 09:52:36Z INFO ProcessInvokerWrapper]   File name: 'C:\WINDOWS\System32\WindowsPowerShell\v1.0\powershell.EXE'
[2026-09-04 09:52:36Z INFO ProcessInvokerWrapper]   Arguments: '-command ". 'C:\Users\thennarasuv\CICD\actions-runner\_work\_temp\c286c4b8-6710-45b7-8b27-3331113064b7.ps1'"'
[2026-09-04 09:52:36Z INFO ProcessInvokerWrapper]   Working directory: 'C:\Users\thennarasuv\CICD\actions-runner\_work\CICD\CICD'
[2026-09-04 09:52:36Z INFO ProcessInvokerWrapper]   Require exit code zero: 'False'
[2026-09-04 09:52:36Z INFO ProcessInvokerWrapper]   Encoding web name:  ; code page: ''
[2026-09-04 09:52:36Z INFO ProcessInvokerWrapper]   Force kill process on cancellation: 'False'
[2026-09-04 09:52:36Z INFO ProcessInvokerWrapper]   Redirected STDIN: 'False'
[2026-09-04 09:52:36Z INFO ProcessInvokerWrapper]   Persist current code page: 'True'
[2026-09-04 09:52:36Z INFO ProcessInvokerWrapper]   Keep redirected STDIN open: 'False'
[2026-09-04 09:52:36Z INFO ProcessInvokerWrapper]   High priority process: 'False'
[2026-09-04 09:52:36Z INFO ProcessInvokerWrapper] Process started with process id 21672, waiting for process exit.
[2026-09-04 09:52:36Z INFO JobServerQueue] Try to append 1 batches web console lines for record '20bab742-6cad-4635-89d8-e0cbbd2770e1', success rate: 1/1.
[2026-09-04 09:52:36Z INFO JobServerQueue] Got a step log file to send to results service.
[2026-09-04 09:52:36Z INFO JobServerQueue] Starting upload of step log file to results service ResultsLog, C:\Users\thennarasuv\CICD\actions-runner\_diag\blocks\e96ba536-905e-4f28-8814-8c89d94cd3f9_9d901175-8e74-4a97-bcf3-54976119d1a8.1
[2026-09-04 09:52:36Z INFO ProcessInvokerWrapper] STDOUT/STDERR stream read finished.
[2026-09-04 09:52:36Z INFO ProcessInvokerWrapper] STDOUT/STDERR stream read finished.
[2026-09-04 09:52:36Z INFO ProcessInvokerWrapper] Finished process 21672 with exit code 0, and elapsed time 00:00:00.5160772.
[2026-09-04 09:52:36Z INFO CreateStepSummaryCommand] Step Summary file (C:\Users\thennarasuv\CICD\actions-runner\_work\_temp\_runner_file_commands\step_summary_052aaf06-666e-47c6-8e8d-cbd60afd00fd) is empty; skipping attachment upload
[2026-09-04 09:52:36Z INFO StepsRunner] Step result: 
[2026-09-04 09:52:36Z INFO ExecutionContext] Publish step telemetry for current step {
  "action": "powershell",
  "type": "run",
  "stage": "Main",
  "stepId": "20bab742-6cad-4635-89d8-e0cbbd2770e1",
  "stepContextName": "__run_3",
  "result": "succeeded",
  "errorMessages": [],
  "executionTimeInSeconds": 1,
  "startTime": "2026-09-04T09:52:36.3735664Z",
  "finishTime": "2026-09-04T09:52:36.9459968Z"
}.
[2026-09-04 09:52:36Z INFO StepsRunner] No need for updating job result with current step result 'Succeeded'.
[2026-09-04 09:52:36Z INFO StepsRunner] Current state: job state = ''
[2026-09-04 09:52:36Z INFO StepsRunner] Processing step: DisplayName='Deploy backend'
[2026-09-04 09:52:36Z INFO StepsRunner] Evaluating: success()
[2026-09-04 09:52:36Z INFO StepsRunner] Result: true
[2026-09-04 09:52:36Z INFO StepsRunner] Starting the step.
[2026-09-04 09:52:36Z INFO HostContext] Well known directory 'Bin': 'C:\Users\thennarasuv\CICD\actions-runner\bin'
[2026-09-04 09:52:36Z INFO HostContext] Well known directory 'Root': 'C:\Users\thennarasuv\CICD\actions-runner'
[2026-09-04 09:52:36Z INFO HostContext] Well known directory 'Work': 'C:\Users\thennarasuv\CICD\actions-runner\_work'
[2026-09-04 09:52:36Z INFO StepsRunner] Which2: 'chcp'
[2026-09-04 09:52:36Z INFO StepsRunner] Location: 'C:\WINDOWS\system32\chcp.COM'
[2026-09-04 09:52:36Z INFO ProcessInvokerWrapper] Starting process:
[2026-09-04 09:52:36Z INFO ProcessInvokerWrapper]   File name: 'C:\WINDOWS\system32\chcp.COM'
[2026-09-04 09:52:36Z INFO ProcessInvokerWrapper]   Arguments: '65001'
[2026-09-04 09:52:36Z INFO ProcessInvokerWrapper]   Working directory: 'C:\Users\thennarasuv\CICD\actions-runner\_work'
[2026-09-04 09:52:36Z INFO ProcessInvokerWrapper]   Require exit code zero: 'False'
[2026-09-04 09:52:36Z INFO ProcessInvokerWrapper]   Encoding web name:  ; code page: ''
[2026-09-04 09:52:36Z INFO ProcessInvokerWrapper]   Force kill process on cancellation: 'False'
[2026-09-04 09:52:36Z INFO ProcessInvokerWrapper]   Redirected STDIN: 'False'
[2026-09-04 09:52:36Z INFO ProcessInvokerWrapper]   Persist current code page: 'True'
[2026-09-04 09:52:36Z INFO ProcessInvokerWrapper]   Keep redirected STDIN open: 'False'
[2026-09-04 09:52:36Z INFO ProcessInvokerWrapper]   High priority process: 'False'
[2026-09-04 09:52:36Z INFO ProcessInvokerWrapper] Process started with process id 16336, waiting for process exit.
[2026-09-04 09:52:36Z INFO ProcessInvokerWrapper] STDOUT/STDERR stream read finished.
[2026-09-04 09:52:36Z INFO ProcessInvokerWrapper] STDOUT/STDERR stream read finished.
[2026-09-04 09:52:36Z INFO ProcessInvokerWrapper] Finished process 16336 with exit code 0, and elapsed time 00:00:00.0367527.
[2026-09-04 09:52:36Z INFO StepsRunner] Successfully returned to code page 65001 (UTF8)
[2026-09-04 09:52:36Z INFO HostContext] Well known directory 'Bin': 'C:\Users\thennarasuv\CICD\actions-runner\bin'
[2026-09-04 09:52:36Z INFO HostContext] Well known directory 'Root': 'C:\Users\thennarasuv\CICD\actions-runner'
[2026-09-04 09:52:36Z INFO HostContext] Well known directory 'Work': 'C:\Users\thennarasuv\CICD\actions-runner\_work'
[2026-09-04 09:52:36Z INFO HostContext] Well known directory 'Temp': 'C:\Users\thennarasuv\CICD\actions-runner\_work\_temp'
[2026-09-04 09:52:36Z INFO ExecutionContext] Write event payload to C:\Users\thennarasuv\CICD\actions-runner\_work\_temp\_github_workflow\event.json
[2026-09-04 09:52:36Z INFO HostContext] Well known directory 'Bin': 'C:\Users\thennarasuv\CICD\actions-runner\bin'
[2026-09-04 09:52:36Z INFO HostContext] Well known directory 'Root': 'C:\Users\thennarasuv\CICD\actions-runner'
[2026-09-04 09:52:36Z INFO HostContext] Well known directory 'Work': 'C:\Users\thennarasuv\CICD\actions-runner\_work'
[2026-09-04 09:52:36Z INFO HostContext] Well known directory 'Temp': 'C:\Users\thennarasuv\CICD\actions-runner\_work\_temp'
[2026-09-04 09:52:36Z INFO ExtensionManager] Getting extensions for interface: 'GitHub.Runner.Worker.IFileCommandExtension'
[2026-09-04 09:52:36Z INFO ExtensionManager] Getting extensions for interface: 'GitHub.Runner.Worker.IActionCommandExtension'
[2026-09-04 09:52:36Z INFO ActionCommandManager] Register action command extension for command internal-set-repo-path
[2026-09-04 09:52:36Z INFO ActionCommandManager] Register action command extension for command set-env
[2026-09-04 09:52:36Z INFO ActionCommandManager] Register action command extension for command set-output
[2026-09-04 09:52:36Z INFO ActionCommandManager] Register action command extension for command save-state
[2026-09-04 09:52:36Z INFO ActionCommandManager] Register action command extension for command add-path
[2026-09-04 09:52:36Z INFO ActionCommandManager] Register action command extension for command add-mask
[2026-09-04 09:52:36Z INFO ActionCommandManager] Register action command extension for command add-matcher
[2026-09-04 09:52:36Z INFO ActionCommandManager] Register action command extension for command remove-matcher
[2026-09-04 09:52:36Z INFO ActionCommandManager] Register action command extension for command warning
[2026-09-04 09:52:36Z INFO ActionCommandManager] Register action command extension for command error
[2026-09-04 09:52:36Z INFO ActionCommandManager] Register action command extension for command notice
[2026-09-04 09:52:36Z INFO ActionCommandManager] Register action command extension for command debug
[2026-09-04 09:52:36Z INFO ActionCommandManager] Register action command extension for command group
[2026-09-04 09:52:36Z INFO ActionCommandManager] Register action command extension for command endgroup
[2026-09-04 09:52:36Z INFO ActionCommandManager] Register action command extension for command echo
[2026-09-04 09:52:36Z INFO ScriptHandler] Which2: 'powershell'
[2026-09-04 09:52:36Z INFO ScriptHandler] Location: 'C:\WINDOWS\System32\WindowsPowerShell\v1.0\powershell.EXE'
[2026-09-04 09:52:36Z INFO HostContext] Well known directory 'Bin': 'C:\Users\thennarasuv\CICD\actions-runner\bin'
[2026-09-04 09:52:36Z INFO HostContext] Well known directory 'Root': 'C:\Users\thennarasuv\CICD\actions-runner'
[2026-09-04 09:52:36Z INFO HostContext] Well known directory 'Work': 'C:\Users\thennarasuv\CICD\actions-runner\_work'
[2026-09-04 09:52:36Z INFO HostContext] Well known directory 'Temp': 'C:\Users\thennarasuv\CICD\actions-runner\_work\_temp'
[2026-09-04 09:52:36Z INFO ScriptHandler] Which2: 'powershell'
[2026-09-04 09:52:36Z INFO ScriptHandler] Location: 'C:\WINDOWS\System32\WindowsPowerShell\v1.0\powershell.EXE'
[2026-09-04 09:52:37Z INFO ProcessInvokerWrapper] Starting process:
[2026-09-04 09:52:37Z INFO ProcessInvokerWrapper]   File name: 'C:\WINDOWS\System32\WindowsPowerShell\v1.0\powershell.EXE'
[2026-09-04 09:52:37Z INFO ProcessInvokerWrapper]   Arguments: '-command ". 'C:\Users\thennarasuv\CICD\actions-runner\_work\_temp\3eb2ac74-66d6-4cc6-923c-7232f1e64640.ps1'"'
[2026-09-04 09:52:37Z INFO ProcessInvokerWrapper]   Working directory: 'C:\Users\thennarasuv\CICD\actions-runner\_work\CICD\CICD'
[2026-09-04 09:52:37Z INFO ProcessInvokerWrapper]   Require exit code zero: 'False'
[2026-09-04 09:52:37Z INFO ProcessInvokerWrapper]   Encoding web name:  ; code page: ''
[2026-09-04 09:52:37Z INFO ProcessInvokerWrapper]   Force kill process on cancellation: 'False'
[2026-09-04 09:52:37Z INFO ProcessInvokerWrapper]   Redirected STDIN: 'False'
[2026-09-04 09:52:37Z INFO ProcessInvokerWrapper]   Persist current code page: 'True'
[2026-09-04 09:52:37Z INFO ProcessInvokerWrapper]   Keep redirected STDIN open: 'False'
[2026-09-04 09:52:37Z INFO ProcessInvokerWrapper]   High priority process: 'False'
[2026-09-04 09:52:37Z INFO ProcessInvokerWrapper] Process started with process id 10480, waiting for process exit.
[2026-09-04 09:52:37Z INFO JobServerQueue] Try to append 1 batches web console lines for record '20bab742-6cad-4635-89d8-e0cbbd2770e1', success rate: 1/1.
[2026-09-04 09:52:37Z INFO JobServerQueue] Try to append 1 batches web console lines for record 'c5a555d1-2467-4747-b901-b9567c05d2b7', success rate: 1/1.
[2026-09-04 09:52:37Z INFO JobServerQueue] Try to upload 2 log files or attachments, success rate: 2/2.
[2026-09-04 09:52:37Z INFO JobServerQueue] Try to append 1 batches web console lines for record 'c5a555d1-2467-4747-b901-b9567c05d2b7', success rate: 1/1.
[2026-09-04 09:52:37Z INFO ProcessInvokerWrapper] STDOUT/STDERR stream read finished.
[2026-09-04 09:52:37Z INFO ProcessInvokerWrapper] STDOUT/STDERR stream read finished.
[2026-09-04 09:52:37Z INFO JobServerQueue] Got a step log file to send to results service.
[2026-09-04 09:52:37Z INFO JobServerQueue] Starting upload of step log file to results service ResultsLog, C:\Users\thennarasuv\CICD\actions-runner\_diag\blocks\e96ba536-905e-4f28-8814-8c89d94cd3f9_7eba6f91-bcc9-4188-8787-00b6dde7b2d5.1
[2026-09-04 09:52:37Z INFO ProcessInvokerWrapper] Finished process 10480 with exit code 0, and elapsed time 00:00:00.7408280.
[2026-09-04 09:52:37Z INFO CreateStepSummaryCommand] Step Summary file (C:\Users\thennarasuv\CICD\actions-runner\_work\_temp\_runner_file_commands\step_summary_95a7aca7-9133-48a5-bbb0-d6cefdd2e775) is empty; skipping attachment upload
[2026-09-04 09:52:37Z INFO StepsRunner] Step result: 
[2026-09-04 09:52:37Z INFO ExecutionContext] Publish step telemetry for current step {
  "action": "powershell",
  "type": "run",
  "stage": "Main",
  "stepId": "c5a555d1-2467-4747-b901-b9567c05d2b7",
  "stepContextName": "__run_4",
  "result": "succeeded",
  "errorMessages": [],
  "executionTimeInSeconds": 1,
  "startTime": "2026-09-04T09:52:36.9471705Z",
  "finishTime": "2026-09-04T09:52:37.743265Z"
}.
[2026-09-04 09:52:37Z INFO StepsRunner] No need for updating job result with current step result 'Succeeded'.
[2026-09-04 09:52:37Z INFO StepsRunner] Current state: job state = ''
[2026-09-04 09:52:37Z INFO StepsRunner] Processing step: DisplayName='Deploy frontend'
[2026-09-04 09:52:37Z INFO StepsRunner] Evaluating: success()
[2026-09-04 09:52:37Z INFO StepsRunner] Result: true
[2026-09-04 09:52:37Z INFO StepsRunner] Starting the step.
[2026-09-04 09:52:37Z INFO HostContext] Well known directory 'Bin': 'C:\Users\thennarasuv\CICD\actions-runner\bin'
[2026-09-04 09:52:37Z INFO HostContext] Well known directory 'Root': 'C:\Users\thennarasuv\CICD\actions-runner'
[2026-09-04 09:52:37Z INFO HostContext] Well known directory 'Work': 'C:\Users\thennarasuv\CICD\actions-runner\_work'
[2026-09-04 09:52:37Z INFO StepsRunner] Which2: 'chcp'
[2026-09-04 09:52:37Z INFO StepsRunner] Location: 'C:\WINDOWS\system32\chcp.COM'
[2026-09-04 09:52:37Z INFO ProcessInvokerWrapper] Starting process:
[2026-09-04 09:52:37Z INFO ProcessInvokerWrapper]   File name: 'C:\WINDOWS\system32\chcp.COM'
[2026-09-04 09:52:37Z INFO ProcessInvokerWrapper]   Arguments: '65001'
[2026-09-04 09:52:37Z INFO ProcessInvokerWrapper]   Working directory: 'C:\Users\thennarasuv\CICD\actions-runner\_work'
[2026-09-04 09:52:37Z INFO ProcessInvokerWrapper]   Require exit code zero: 'False'
[2026-09-04 09:52:37Z INFO ProcessInvokerWrapper]   Encoding web name:  ; code page: ''
[2026-09-04 09:52:37Z INFO ProcessInvokerWrapper]   Force kill process on cancellation: 'False'
[2026-09-04 09:52:37Z INFO ProcessInvokerWrapper]   Redirected STDIN: 'False'
[2026-09-04 09:52:37Z INFO ProcessInvokerWrapper]   Persist current code page: 'True'
[2026-09-04 09:52:37Z INFO ProcessInvokerWrapper]   Keep redirected STDIN open: 'False'
[2026-09-04 09:52:37Z INFO ProcessInvokerWrapper]   High priority process: 'False'
[2026-09-04 09:52:37Z INFO ProcessInvokerWrapper] Process started with process id 11116, waiting for process exit.
[2026-09-04 09:52:37Z INFO ProcessInvokerWrapper] STDOUT/STDERR stream read finished.
[2026-09-04 09:52:37Z INFO ProcessInvokerWrapper] STDOUT/STDERR stream read finished.
[2026-09-04 09:52:37Z INFO ProcessInvokerWrapper] Finished process 11116 with exit code 0, and elapsed time 00:00:00.0659490.
[2026-09-04 09:52:37Z INFO StepsRunner] Successfully returned to code page 65001 (UTF8)
[2026-09-04 09:52:37Z INFO HostContext] Well known directory 'Bin': 'C:\Users\thennarasuv\CICD\actions-runner\bin'
[2026-09-04 09:52:37Z INFO HostContext] Well known directory 'Root': 'C:\Users\thennarasuv\CICD\actions-runner'
[2026-09-04 09:52:37Z INFO HostContext] Well known directory 'Work': 'C:\Users\thennarasuv\CICD\actions-runner\_work'
[2026-09-04 09:52:37Z INFO HostContext] Well known directory 'Temp': 'C:\Users\thennarasuv\CICD\actions-runner\_work\_temp'
[2026-09-04 09:52:37Z INFO ExecutionContext] Write event payload to C:\Users\thennarasuv\CICD\actions-runner\_work\_temp\_github_workflow\event.json
[2026-09-04 09:52:37Z INFO HostContext] Well known directory 'Bin': 'C:\Users\thennarasuv\CICD\actions-runner\bin'
[2026-09-04 09:52:37Z INFO HostContext] Well known directory 'Root': 'C:\Users\thennarasuv\CICD\actions-runner'
[2026-09-04 09:52:37Z INFO HostContext] Well known directory 'Work': 'C:\Users\thennarasuv\CICD\actions-runner\_work'
[2026-09-04 09:52:37Z INFO HostContext] Well known directory 'Temp': 'C:\Users\thennarasuv\CICD\actions-runner\_work\_temp'
[2026-09-04 09:52:37Z INFO ExtensionManager] Getting extensions for interface: 'GitHub.Runner.Worker.IFileCommandExtension'
[2026-09-04 09:52:37Z INFO ExtensionManager] Getting extensions for interface: 'GitHub.Runner.Worker.IActionCommandExtension'
[2026-09-04 09:52:37Z INFO ActionCommandManager] Register action command extension for command internal-set-repo-path
[2026-09-04 09:52:37Z INFO ActionCommandManager] Register action command extension for command set-env
[2026-09-04 09:52:37Z INFO ActionCommandManager] Register action command extension for command set-output
[2026-09-04 09:52:37Z INFO ActionCommandManager] Register action command extension for command save-state
[2026-09-04 09:52:37Z INFO ActionCommandManager] Register action command extension for command add-path
[2026-09-04 09:52:37Z INFO ActionCommandManager] Register action command extension for command add-mask
[2026-09-04 09:52:37Z INFO ActionCommandManager] Register action command extension for command add-matcher
[2026-09-04 09:52:37Z INFO ActionCommandManager] Register action command extension for command remove-matcher
[2026-09-04 09:52:37Z INFO ActionCommandManager] Register action command extension for command warning
[2026-09-04 09:52:37Z INFO ActionCommandManager] Register action command extension for command error
[2026-09-04 09:52:37Z INFO ActionCommandManager] Register action command extension for command notice
[2026-09-04 09:52:37Z INFO ActionCommandManager] Register action command extension for command debug
[2026-09-04 09:52:37Z INFO ActionCommandManager] Register action command extension for command group
[2026-09-04 09:52:37Z INFO ActionCommandManager] Register action command extension for command endgroup
[2026-09-04 09:52:37Z INFO ActionCommandManager] Register action command extension for command echo
[2026-09-04 09:52:37Z INFO ScriptHandler] Which2: 'powershell'
[2026-09-04 09:52:37Z INFO ScriptHandler] Location: 'C:\WINDOWS\System32\WindowsPowerShell\v1.0\powershell.EXE'
[2026-09-04 09:52:37Z INFO JobServerQueue] Try to append 1 batches web console lines for record 'c5a555d1-2467-4747-b901-b9567c05d2b7', success rate: 1/1.
[2026-09-04 09:52:37Z INFO JobServerQueue] Try to append 1 batches web console lines for record 'd8e15dc9-7d5d-43d8-ae10-07f2d65cc638', success rate: 1/1.
[2026-09-04 09:52:37Z INFO HostContext] Well known directory 'Bin': 'C:\Users\thennarasuv\CICD\actions-runner\bin'
[2026-09-04 09:52:37Z INFO HostContext] Well known directory 'Root': 'C:\Users\thennarasuv\CICD\actions-runner'
[2026-09-04 09:52:37Z INFO HostContext] Well known directory 'Work': 'C:\Users\thennarasuv\CICD\actions-runner\_work'
[2026-09-04 09:52:37Z INFO HostContext] Well known directory 'Temp': 'C:\Users\thennarasuv\CICD\actions-runner\_work\_temp'
[2026-09-04 09:52:37Z INFO ScriptHandler] Which2: 'powershell'
[2026-09-04 09:52:37Z INFO ScriptHandler] Location: 'C:\WINDOWS\System32\WindowsPowerShell\v1.0\powershell.EXE'
[2026-09-04 09:52:37Z INFO ProcessInvokerWrapper] Starting process:
[2026-09-04 09:52:37Z INFO ProcessInvokerWrapper]   File name: 'C:\WINDOWS\System32\WindowsPowerShell\v1.0\powershell.EXE'
[2026-09-04 09:52:37Z INFO ProcessInvokerWrapper]   Arguments: '-command ". 'C:\Users\thennarasuv\CICD\actions-runner\_work\_temp\a82ea191-e6e8-44fd-bd60-c9d51756f840.ps1'"'
[2026-09-04 09:52:37Z INFO ProcessInvokerWrapper]   Working directory: 'C:\Users\thennarasuv\CICD\actions-runner\_work\CICD\CICD'
[2026-09-04 09:52:37Z INFO ProcessInvokerWrapper]   Require exit code zero: 'False'
[2026-09-04 09:52:37Z INFO ProcessInvokerWrapper]   Encoding web name:  ; code page: ''
[2026-09-04 09:52:37Z INFO ProcessInvokerWrapper]   Force kill process on cancellation: 'False'
[2026-09-04 09:52:37Z INFO ProcessInvokerWrapper]   Redirected STDIN: 'False'
[2026-09-04 09:52:37Z INFO ProcessInvokerWrapper]   Persist current code page: 'True'
[2026-09-04 09:52:37Z INFO ProcessInvokerWrapper]   Keep redirected STDIN open: 'False'
[2026-09-04 09:52:37Z INFO ProcessInvokerWrapper]   High priority process: 'False'
[2026-09-04 09:52:37Z INFO ProcessInvokerWrapper] Process started with process id 19288, waiting for process exit.
[2026-09-04 09:52:38Z INFO JobServerQueue] Try to append 1 batches web console lines for record 'd8e15dc9-7d5d-43d8-ae10-07f2d65cc638', success rate: 1/1.
[2026-09-04 09:52:38Z INFO JobServerQueue] Try to append 1 batches web console lines for record 'd8e15dc9-7d5d-43d8-ae10-07f2d65cc638', success rate: 1/1.
[2026-09-04 09:52:38Z INFO JobServerQueue] Try to upload 1 log files or attachments, success rate: 1/1.
[2026-09-04 09:52:38Z INFO JobServerQueue] Tried to upload 2 file(s) to results, success rate: 2/2.
[2026-09-04 09:52:38Z INFO JobServerQueue] Try to append 1 batches web console lines for record 'd8e15dc9-7d5d-43d8-ae10-07f2d65cc638', success rate: 1/1.
[2026-09-04 09:52:38Z INFO ProcessInvokerWrapper] STDOUT/STDERR stream read finished.
[2026-09-04 09:52:38Z INFO ProcessInvokerWrapper] STDOUT/STDERR stream read finished.
[2026-09-04 09:52:38Z INFO ProcessInvokerWrapper] Finished process 19288 with exit code 0, and elapsed time 00:00:00.8704523.
[2026-09-04 09:52:38Z INFO CreateStepSummaryCommand] Step Summary file (C:\Users\thennarasuv\CICD\actions-runner\_work\_temp\_runner_file_commands\step_summary_1deb03b0-d6be-4468-b820-2aed2bc4bba2) is empty; skipping attachment upload
[2026-09-04 09:52:38Z INFO StepsRunner] Step result: 
[2026-09-04 09:52:38Z INFO ExecutionContext] Publish step telemetry for current step {
  "action": "powershell",
  "type": "run",
  "stage": "Main",
  "stepId": "d8e15dc9-7d5d-43d8-ae10-07f2d65cc638",
  "stepContextName": "__run_5",
  "result": "succeeded",
  "errorMessages": [],
  "executionTimeInSeconds": 1,
  "startTime": "2026-09-04T09:52:37.7461079Z",
  "finishTime": "2026-09-04T09:52:38.715644Z"
}.
[2026-09-04 09:52:38Z INFO StepsRunner] No need for updating job result with current step result 'Succeeded'.
[2026-09-04 09:52:38Z INFO StepsRunner] Current state: job state = ''
[2026-09-04 09:52:38Z INFO StepsRunner] Processing step: DisplayName='Wait for backend rollout'
[2026-09-04 09:52:38Z INFO StepsRunner] Evaluating: success()
[2026-09-04 09:52:38Z INFO StepsRunner] Result: true
[2026-09-04 09:52:38Z INFO StepsRunner] Starting the step.
[2026-09-04 09:52:38Z INFO HostContext] Well known directory 'Bin': 'C:\Users\thennarasuv\CICD\actions-runner\bin'
[2026-09-04 09:52:38Z INFO HostContext] Well known directory 'Root': 'C:\Users\thennarasuv\CICD\actions-runner'
[2026-09-04 09:52:38Z INFO HostContext] Well known directory 'Work': 'C:\Users\thennarasuv\CICD\actions-runner\_work'
[2026-09-04 09:52:38Z INFO StepsRunner] Which2: 'chcp'
[2026-09-04 09:52:38Z INFO StepsRunner] Location: 'C:\WINDOWS\system32\chcp.COM'
[2026-09-04 09:52:38Z INFO ProcessInvokerWrapper] Starting process:
[2026-09-04 09:52:38Z INFO ProcessInvokerWrapper]   File name: 'C:\WINDOWS\system32\chcp.COM'
[2026-09-04 09:52:38Z INFO ProcessInvokerWrapper]   Arguments: '65001'
[2026-09-04 09:52:38Z INFO ProcessInvokerWrapper]   Working directory: 'C:\Users\thennarasuv\CICD\actions-runner\_work'
[2026-09-04 09:52:38Z INFO ProcessInvokerWrapper]   Require exit code zero: 'False'
[2026-09-04 09:52:38Z INFO ProcessInvokerWrapper]   Encoding web name:  ; code page: ''
[2026-09-04 09:52:38Z INFO ProcessInvokerWrapper]   Force kill process on cancellation: 'False'
[2026-09-04 09:52:38Z INFO ProcessInvokerWrapper]   Redirected STDIN: 'False'
[2026-09-04 09:52:38Z INFO ProcessInvokerWrapper]   Persist current code page: 'True'
[2026-09-04 09:52:38Z INFO ProcessInvokerWrapper]   Keep redirected STDIN open: 'False'
[2026-09-04 09:52:38Z INFO ProcessInvokerWrapper]   High priority process: 'False'
[2026-09-04 09:52:38Z INFO ProcessInvokerWrapper] Process started with process id 18640, waiting for process exit.
[2026-09-04 09:52:38Z INFO ProcessInvokerWrapper] STDOUT/STDERR stream read finished.
[2026-09-04 09:52:38Z INFO ProcessInvokerWrapper] STDOUT/STDERR stream read finished.
[2026-09-04 09:52:38Z INFO ProcessInvokerWrapper] Finished process 18640 with exit code 0, and elapsed time 00:00:00.0663356.
[2026-09-04 09:52:38Z INFO StepsRunner] Successfully returned to code page 65001 (UTF8)
[2026-09-04 09:52:38Z INFO HostContext] Well known directory 'Bin': 'C:\Users\thennarasuv\CICD\actions-runner\bin'
[2026-09-04 09:52:38Z INFO HostContext] Well known directory 'Root': 'C:\Users\thennarasuv\CICD\actions-runner'
[2026-09-04 09:52:38Z INFO HostContext] Well known directory 'Work': 'C:\Users\thennarasuv\CICD\actions-runner\_work'
[2026-09-04 09:52:38Z INFO HostContext] Well known directory 'Temp': 'C:\Users\thennarasuv\CICD\actions-runner\_work\_temp'
[2026-09-04 09:52:38Z INFO ExecutionContext] Write event payload to C:\Users\thennarasuv\CICD\actions-runner\_work\_temp\_github_workflow\event.json
[2026-09-04 09:52:38Z INFO HostContext] Well known directory 'Bin': 'C:\Users\thennarasuv\CICD\actions-runner\bin'
[2026-09-04 09:52:38Z INFO HostContext] Well known directory 'Root': 'C:\Users\thennarasuv\CICD\actions-runner'
[2026-09-04 09:52:38Z INFO HostContext] Well known directory 'Work': 'C:\Users\thennarasuv\CICD\actions-runner\_work'
[2026-09-04 09:52:38Z INFO HostContext] Well known directory 'Temp': 'C:\Users\thennarasuv\CICD\actions-runner\_work\_temp'
[2026-09-04 09:52:38Z INFO ExtensionManager] Getting extensions for interface: 'GitHub.Runner.Worker.IFileCommandExtension'
[2026-09-04 09:52:38Z INFO ExtensionManager] Getting extensions for interface: 'GitHub.Runner.Worker.IActionCommandExtension'
[2026-09-04 09:52:38Z INFO ActionCommandManager] Register action command extension for command internal-set-repo-path
[2026-09-04 09:52:38Z INFO ActionCommandManager] Register action command extension for command set-env
[2026-09-04 09:52:38Z INFO ActionCommandManager] Register action command extension for command set-output
[2026-09-04 09:52:38Z INFO ActionCommandManager] Register action command extension for command save-state
[2026-09-04 09:52:38Z INFO ActionCommandManager] Register action command extension for command add-path
[2026-09-04 09:52:38Z INFO ActionCommandManager] Register action command extension for command add-mask
[2026-09-04 09:52:38Z INFO ActionCommandManager] Register action command extension for command add-matcher
[2026-09-04 09:52:38Z INFO ActionCommandManager] Register action command extension for command remove-matcher
[2026-09-04 09:52:38Z INFO ActionCommandManager] Register action command extension for command warning
[2026-09-04 09:52:38Z INFO ActionCommandManager] Register action command extension for command error
[2026-09-04 09:52:38Z INFO ActionCommandManager] Register action command extension for command notice
[2026-09-04 09:52:38Z INFO ActionCommandManager] Register action command extension for command debug
[2026-09-04 09:52:38Z INFO ActionCommandManager] Register action command extension for command group
[2026-09-04 09:52:38Z INFO ActionCommandManager] Register action command extension for command endgroup
[2026-09-04 09:52:38Z INFO ActionCommandManager] Register action command extension for command echo
[2026-09-04 09:52:38Z INFO ScriptHandler] Which2: 'powershell'
[2026-09-04 09:52:38Z INFO ScriptHandler] Location: 'C:\WINDOWS\System32\WindowsPowerShell\v1.0\powershell.EXE'
[2026-09-04 09:52:38Z INFO HostContext] Well known directory 'Bin': 'C:\Users\thennarasuv\CICD\actions-runner\bin'
[2026-09-04 09:52:38Z INFO HostContext] Well known directory 'Root': 'C:\Users\thennarasuv\CICD\actions-runner'
[2026-09-04 09:52:38Z INFO HostContext] Well known directory 'Work': 'C:\Users\thennarasuv\CICD\actions-runner\_work'
[2026-09-04 09:52:38Z INFO HostContext] Well known directory 'Temp': 'C:\Users\thennarasuv\CICD\actions-runner\_work\_temp'
[2026-09-04 09:52:38Z INFO ScriptHandler] Which2: 'powershell'
[2026-09-04 09:52:38Z INFO ScriptHandler] Location: 'C:\WINDOWS\System32\WindowsPowerShell\v1.0\powershell.EXE'
[2026-09-04 09:52:38Z INFO ProcessInvokerWrapper] Starting process:
[2026-09-04 09:52:38Z INFO ProcessInvokerWrapper]   File name: 'C:\WINDOWS\System32\WindowsPowerShell\v1.0\powershell.EXE'
[2026-09-04 09:52:38Z INFO ProcessInvokerWrapper]   Arguments: '-command ". 'C:\Users\thennarasuv\CICD\actions-runner\_work\_temp\7b5d59b5-8af5-4286-97d8-d1c7b7b22eaa.ps1'"'
[2026-09-04 09:52:38Z INFO ProcessInvokerWrapper]   Working directory: 'C:\Users\thennarasuv\CICD\actions-runner\_work\CICD\CICD'
[2026-09-04 09:52:38Z INFO ProcessInvokerWrapper]   Require exit code zero: 'False'
[2026-09-04 09:52:38Z INFO ProcessInvokerWrapper]   Encoding web name:  ; code page: ''
[2026-09-04 09:52:38Z INFO ProcessInvokerWrapper]   Force kill process on cancellation: 'False'
[2026-09-04 09:52:38Z INFO ProcessInvokerWrapper]   Redirected STDIN: 'False'
[2026-09-04 09:52:38Z INFO ProcessInvokerWrapper]   Persist current code page: 'True'
[2026-09-04 09:52:38Z INFO ProcessInvokerWrapper]   Keep redirected STDIN open: 'False'
[2026-09-04 09:52:38Z INFO ProcessInvokerWrapper]   High priority process: 'False'
[2026-09-04 09:52:38Z INFO ProcessInvokerWrapper] Process started with process id 7952, waiting for process exit.
[2026-09-04 09:52:38Z INFO JobServerQueue] Try to append 1 batches web console lines for record '13005851-a77b-467f-abdc-9f835870ad3f', success rate: 1/1.
[2026-09-04 09:52:39Z INFO JobServerQueue] Try to upload 1 log files or attachments, success rate: 1/1.
[2026-09-04 09:52:39Z INFO JobServerQueue] Try to append 1 batches web console lines for record '13005851-a77b-467f-abdc-9f835870ad3f', success rate: 1/1.
[2026-09-04 09:52:39Z INFO JobServerQueue] Got a step log file to send to results service.
[2026-09-04 09:52:39Z INFO JobServerQueue] Starting upload of step log file to results service ResultsLog, C:\Users\thennarasuv\CICD\actions-runner\_diag\blocks\e96ba536-905e-4f28-8814-8c89d94cd3f9_20bab742-6cad-4635-89d8-e0cbbd2770e1.1
[2026-09-04 09:52:40Z INFO JobServerQueue] Got a step log file to send to results service.
[2026-09-04 09:52:40Z INFO JobServerQueue] Starting upload of step log file to results service ResultsLog, C:\Users\thennarasuv\CICD\actions-runner\_diag\blocks\e96ba536-905e-4f28-8814-8c89d94cd3f9_c5a555d1-2467-4747-b901-b9567c05d2b7.1
[2026-09-04 09:52:41Z INFO JobServerQueue] Got a step log file to send to results service.
[2026-09-04 09:52:41Z INFO JobServerQueue] Starting upload of step log file to results service ResultsLog, C:\Users\thennarasuv\CICD\actions-runner\_diag\blocks\e96ba536-905e-4f28-8814-8c89d94cd3f9_d8e15dc9-7d5d-43d8-ae10-07f2d65cc638.1
[2026-09-04 09:52:42Z INFO JobServerQueue] Tried to upload 3 file(s) to results, success rate: 3/3.
[2026-09-04 09:52:45Z INFO HostContext] Well known directory 'Bin': 'C:\Users\thennarasuv\CICD\actions-runner\bin'
[2026-09-04 09:52:45Z INFO HostContext] Well known directory 'Root': 'C:\Users\thennarasuv\CICD\actions-runner'
[2026-09-04 09:52:45Z INFO HostContext] Well known directory 'Work': 'C:\Users\thennarasuv\CICD\actions-runner\_work'
[2026-09-04 09:52:55Z INFO HostContext] Well known directory 'Bin': 'C:\Users\thennarasuv\CICD\actions-runner\bin'
[2026-09-04 09:52:55Z INFO HostContext] Well known directory 'Root': 'C:\Users\thennarasuv\CICD\actions-runner'
[2026-09-04 09:52:55Z INFO HostContext] Well known directory 'Work': 'C:\Users\thennarasuv\CICD\actions-runner\_work'
[2026-09-04 09:53:01Z INFO JobServerQueue] Try to append 1 batches web console lines for record '13005851-a77b-467f-abdc-9f835870ad3f', success rate: 1/1.
[2026-09-04 09:53:05Z INFO HostContext] Well known directory 'Bin': 'C:\Users\thennarasuv\CICD\actions-runner\bin'
[2026-09-04 09:53:05Z INFO HostContext] Well known directory 'Root': 'C:\Users\thennarasuv\CICD\actions-runner'
[2026-09-04 09:53:05Z INFO HostContext] Well known directory 'Work': 'C:\Users\thennarasuv\CICD\actions-runner\_work'
[2026-09-04 09:53:15Z INFO HostContext] Well known directory 'Bin': 'C:\Users\thennarasuv\CICD\actions-runner\bin'
[2026-09-04 09:53:15Z INFO HostContext] Well known directory 'Root': 'C:\Users\thennarasuv\CICD\actions-runner'
[2026-09-04 09:53:15Z INFO HostContext] Well known directory 'Work': 'C:\Users\thennarasuv\CICD\actions-runner\_work'
[2026-09-04 09:53:15Z INFO ProcessInvokerWrapper] STDOUT/STDERR stream read finished.
[2026-09-04 09:53:15Z INFO ProcessInvokerWrapper] STDOUT/STDERR stream read finished.
[2026-09-04 09:53:15Z INFO ProcessInvokerWrapper] Finished process 7952 with exit code 0, and elapsed time 00:00:36.3318597.
[2026-09-04 09:53:15Z INFO CreateStepSummaryCommand] Step Summary file (C:\Users\thennarasuv\CICD\actions-runner\_work\_temp\_runner_file_commands\step_summary_e38b70f5-7e19-4be6-a725-ad6b84e297ab) is empty; skipping attachment upload
[2026-09-04 09:53:15Z INFO StepsRunner] Step result: 
[2026-09-04 09:53:15Z INFO ExecutionContext] Publish step telemetry for current step {
  "action": "powershell",
  "type": "run",
  "stage": "Main",
  "stepId": "13005851-a77b-467f-abdc-9f835870ad3f",
  "stepContextName": "__run_6",
  "result": "succeeded",
  "errorMessages": [],
  "executionTimeInSeconds": 37,
  "startTime": "2026-09-04T09:52:38.7173139Z",
  "finishTime": "2026-09-04T09:53:15.1391965Z"
}.
[2026-09-04 09:53:15Z INFO StepsRunner] No need for updating job result with current step result 'Succeeded'.
[2026-09-04 09:53:15Z INFO StepsRunner] Current state: job state = ''
[2026-09-04 09:53:15Z INFO StepsRunner] Processing step: DisplayName='Wait for frontend rollout'
[2026-09-04 09:53:15Z INFO StepsRunner] Evaluating: success()
[2026-09-04 09:53:15Z INFO StepsRunner] Result: true
[2026-09-04 09:53:15Z INFO StepsRunner] Starting the step.
[2026-09-04 09:53:15Z INFO HostContext] Well known directory 'Bin': 'C:\Users\thennarasuv\CICD\actions-runner\bin'
[2026-09-04 09:53:15Z INFO HostContext] Well known directory 'Root': 'C:\Users\thennarasuv\CICD\actions-runner'
[2026-09-04 09:53:15Z INFO HostContext] Well known directory 'Work': 'C:\Users\thennarasuv\CICD\actions-runner\_work'
[2026-09-04 09:53:15Z INFO StepsRunner] Which2: 'chcp'
[2026-09-04 09:53:15Z INFO StepsRunner] Location: 'C:\WINDOWS\system32\chcp.COM'
[2026-09-04 09:53:15Z INFO ProcessInvokerWrapper] Starting process:
[2026-09-04 09:53:15Z INFO ProcessInvokerWrapper]   File name: 'C:\WINDOWS\system32\chcp.COM'
[2026-09-04 09:53:15Z INFO ProcessInvokerWrapper]   Arguments: '65001'
[2026-09-04 09:53:15Z INFO ProcessInvokerWrapper]   Working directory: 'C:\Users\thennarasuv\CICD\actions-runner\_work'
[2026-09-04 09:53:15Z INFO ProcessInvokerWrapper]   Require exit code zero: 'False'
[2026-09-04 09:53:15Z INFO ProcessInvokerWrapper]   Encoding web name:  ; code page: ''
[2026-09-04 09:53:15Z INFO ProcessInvokerWrapper]   Force kill process on cancellation: 'False'
[2026-09-04 09:53:15Z INFO ProcessInvokerWrapper]   Redirected STDIN: 'False'
[2026-09-04 09:53:15Z INFO ProcessInvokerWrapper]   Persist current code page: 'True'
[2026-09-04 09:53:15Z INFO ProcessInvokerWrapper]   Keep redirected STDIN open: 'False'
[2026-09-04 09:53:15Z INFO ProcessInvokerWrapper]   High priority process: 'False'
[2026-09-04 09:53:15Z INFO ProcessInvokerWrapper] Process started with process id 10112, waiting for process exit.
[2026-09-04 09:53:15Z INFO ProcessInvokerWrapper] STDOUT/STDERR stream read finished.
[2026-09-04 09:53:15Z INFO ProcessInvokerWrapper] STDOUT/STDERR stream read finished.
[2026-09-04 09:53:15Z INFO ProcessInvokerWrapper] Finished process 10112 with exit code 0, and elapsed time 00:00:00.0425211.
[2026-09-04 09:53:15Z INFO StepsRunner] Successfully returned to code page 65001 (UTF8)
[2026-09-04 09:53:15Z INFO HostContext] Well known directory 'Bin': 'C:\Users\thennarasuv\CICD\actions-runner\bin'
[2026-09-04 09:53:15Z INFO HostContext] Well known directory 'Root': 'C:\Users\thennarasuv\CICD\actions-runner'
[2026-09-04 09:53:15Z INFO HostContext] Well known directory 'Work': 'C:\Users\thennarasuv\CICD\actions-runner\_work'
[2026-09-04 09:53:15Z INFO HostContext] Well known directory 'Temp': 'C:\Users\thennarasuv\CICD\actions-runner\_work\_temp'
[2026-09-04 09:53:15Z INFO ExecutionContext] Write event payload to C:\Users\thennarasuv\CICD\actions-runner\_work\_temp\_github_workflow\event.json
[2026-09-04 09:53:15Z INFO HostContext] Well known directory 'Bin': 'C:\Users\thennarasuv\CICD\actions-runner\bin'
[2026-09-04 09:53:15Z INFO HostContext] Well known directory 'Root': 'C:\Users\thennarasuv\CICD\actions-runner'
[2026-09-04 09:53:15Z INFO HostContext] Well known directory 'Work': 'C:\Users\thennarasuv\CICD\actions-runner\_work'
[2026-09-04 09:53:15Z INFO HostContext] Well known directory 'Temp': 'C:\Users\thennarasuv\CICD\actions-runner\_work\_temp'
[2026-09-04 09:53:15Z INFO ExtensionManager] Getting extensions for interface: 'GitHub.Runner.Worker.IFileCommandExtension'
[2026-09-04 09:53:15Z INFO ExtensionManager] Getting extensions for interface: 'GitHub.Runner.Worker.IActionCommandExtension'
[2026-09-04 09:53:15Z INFO ActionCommandManager] Register action command extension for command internal-set-repo-path
[2026-09-04 09:53:15Z INFO ActionCommandManager] Register action command extension for command set-env
[2026-09-04 09:53:15Z INFO ActionCommandManager] Register action command extension for command set-output
[2026-09-04 09:53:15Z INFO ActionCommandManager] Register action command extension for command save-state
[2026-09-04 09:53:15Z INFO ActionCommandManager] Register action command extension for command add-path
[2026-09-04 09:53:15Z INFO ActionCommandManager] Register action command extension for command add-mask
[2026-09-04 09:53:15Z INFO ActionCommandManager] Register action command extension for command add-matcher
[2026-09-04 09:53:15Z INFO ActionCommandManager] Register action command extension for command remove-matcher
[2026-09-04 09:53:15Z INFO ActionCommandManager] Register action command extension for command warning
[2026-09-04 09:53:15Z INFO ActionCommandManager] Register action command extension for command error
[2026-09-04 09:53:15Z INFO ActionCommandManager] Register action command extension for command notice
[2026-09-04 09:53:15Z INFO ActionCommandManager] Register action command extension for command debug
[2026-09-04 09:53:15Z INFO ActionCommandManager] Register action command extension for command group
[2026-09-04 09:53:15Z INFO ActionCommandManager] Register action command extension for command endgroup
[2026-09-04 09:53:15Z INFO ActionCommandManager] Register action command extension for command echo
[2026-09-04 09:53:15Z INFO ScriptHandler] Which2: 'powershell'
[2026-09-04 09:53:15Z INFO ScriptHandler] Location: 'C:\WINDOWS\System32\WindowsPowerShell\v1.0\powershell.EXE'
[2026-09-04 09:53:15Z INFO HostContext] Well known directory 'Bin': 'C:\Users\thennarasuv\CICD\actions-runner\bin'
[2026-09-04 09:53:15Z INFO HostContext] Well known directory 'Root': 'C:\Users\thennarasuv\CICD\actions-runner'
[2026-09-04 09:53:15Z INFO HostContext] Well known directory 'Work': 'C:\Users\thennarasuv\CICD\actions-runner\_work'
[2026-09-04 09:53:15Z INFO HostContext] Well known directory 'Temp': 'C:\Users\thennarasuv\CICD\actions-runner\_work\_temp'
[2026-09-04 09:53:15Z INFO ScriptHandler] Which2: 'powershell'
[2026-09-04 09:53:15Z INFO ScriptHandler] Location: 'C:\WINDOWS\System32\WindowsPowerShell\v1.0\powershell.EXE'
[2026-09-04 09:53:15Z INFO ProcessInvokerWrapper] Starting process:
[2026-09-04 09:53:15Z INFO ProcessInvokerWrapper]   File name: 'C:\WINDOWS\System32\WindowsPowerShell\v1.0\powershell.EXE'
[2026-09-04 09:53:15Z INFO ProcessInvokerWrapper]   Arguments: '-command ". 'C:\Users\thennarasuv\CICD\actions-runner\_work\_temp\e5b0eed0-622e-43bb-a367-32bf599162e5.ps1'"'
[2026-09-04 09:53:15Z INFO ProcessInvokerWrapper]   Working directory: 'C:\Users\thennarasuv\CICD\actions-runner\_work\CICD\CICD'
[2026-09-04 09:53:15Z INFO ProcessInvokerWrapper]   Require exit code zero: 'False'
[2026-09-04 09:53:15Z INFO ProcessInvokerWrapper]   Encoding web name:  ; code page: ''
[2026-09-04 09:53:15Z INFO ProcessInvokerWrapper]   Force kill process on cancellation: 'False'
[2026-09-04 09:53:15Z INFO ProcessInvokerWrapper]   Redirected STDIN: 'False'
[2026-09-04 09:53:15Z INFO ProcessInvokerWrapper]   Persist current code page: 'True'
[2026-09-04 09:53:15Z INFO ProcessInvokerWrapper]   Keep redirected STDIN open: 'False'
[2026-09-04 09:53:15Z INFO ProcessInvokerWrapper]   High priority process: 'False'
[2026-09-04 09:53:15Z INFO JobServerQueue] Try to append 1 batches web console lines for record '13005851-a77b-467f-abdc-9f835870ad3f', success rate: 1/1.
[2026-09-04 09:53:15Z INFO JobServerQueue] Try to append 1 batches web console lines for record 'bd8bd3b1-a1f0-4fc8-a249-814a48198313', success rate: 1/1.
[2026-09-04 09:53:15Z INFO ProcessInvokerWrapper] Process started with process id 28760, waiting for process exit.
[2026-09-04 09:53:15Z INFO JobServerQueue] Try to upload 1 log files or attachments, success rate: 1/1.
[2026-09-04 09:53:15Z INFO JobServerQueue] Try to append 1 batches web console lines for record 'bd8bd3b1-a1f0-4fc8-a249-814a48198313', success rate: 1/1.
[2026-09-04 09:53:15Z INFO JobServerQueue] Got a step log file to send to results service.
[2026-09-04 09:53:15Z INFO JobServerQueue] Starting upload of step log file to results service ResultsLog, C:\Users\thennarasuv\CICD\actions-runner\_diag\blocks\e96ba536-905e-4f28-8814-8c89d94cd3f9_13005851-a77b-467f-abdc-9f835870ad3f.1
[2026-09-04 09:53:15Z INFO JobServerQueue] Try to append 1 batches web console lines for record 'bd8bd3b1-a1f0-4fc8-a249-814a48198313', success rate: 1/1.
[2026-09-04 09:53:16Z INFO ProcessInvokerWrapper] STDOUT/STDERR stream read finished.
[2026-09-04 09:53:16Z INFO ProcessInvokerWrapper] STDOUT/STDERR stream read finished.
[2026-09-04 09:53:16Z INFO ProcessInvokerWrapper] Finished process 28760 with exit code 0, and elapsed time 00:00:00.9519646.
[2026-09-04 09:53:16Z INFO CreateStepSummaryCommand] Step Summary file (C:\Users\thennarasuv\CICD\actions-runner\_work\_temp\_runner_file_commands\step_summary_7f5b6c57-8e76-4469-ad9e-b132d24e6fae) is empty; skipping attachment upload
[2026-09-04 09:53:16Z INFO StepsRunner] Step result: 
[2026-09-04 09:53:16Z INFO ExecutionContext] Publish step telemetry for current step {
  "action": "powershell",
  "type": "run",
  "stage": "Main",
  "stepId": "bd8bd3b1-a1f0-4fc8-a249-814a48198313",
  "stepContextName": "__run_7",
  "result": "succeeded",
  "errorMessages": [],
  "executionTimeInSeconds": 2,
  "startTime": "2026-09-04T09:53:15.1406664Z",
  "finishTime": "2026-09-04T09:53:16.1687294Z"
}.
[2026-09-04 09:53:16Z INFO StepsRunner] No need for updating job result with current step result 'Succeeded'.
[2026-09-04 09:53:16Z INFO StepsRunner] Current state: job state = ''
[2026-09-04 09:53:16Z INFO StepsRunner] Processing step: DisplayName='Verify deployed images'
[2026-09-04 09:53:16Z INFO StepsRunner] Evaluating: success()
[2026-09-04 09:53:16Z INFO StepsRunner] Result: true
[2026-09-04 09:53:16Z INFO StepsRunner] Starting the step.
[2026-09-04 09:53:16Z INFO HostContext] Well known directory 'Bin': 'C:\Users\thennarasuv\CICD\actions-runner\bin'
[2026-09-04 09:53:16Z INFO HostContext] Well known directory 'Root': 'C:\Users\thennarasuv\CICD\actions-runner'
[2026-09-04 09:53:16Z INFO HostContext] Well known directory 'Work': 'C:\Users\thennarasuv\CICD\actions-runner\_work'
[2026-09-04 09:53:16Z INFO StepsRunner] Which2: 'chcp'
[2026-09-04 09:53:16Z INFO StepsRunner] Location: 'C:\WINDOWS\system32\chcp.COM'
[2026-09-04 09:53:16Z INFO ProcessInvokerWrapper] Starting process:
[2026-09-04 09:53:16Z INFO ProcessInvokerWrapper]   File name: 'C:\WINDOWS\system32\chcp.COM'
[2026-09-04 09:53:16Z INFO ProcessInvokerWrapper]   Arguments: '65001'
[2026-09-04 09:53:16Z INFO ProcessInvokerWrapper]   Working directory: 'C:\Users\thennarasuv\CICD\actions-runner\_work'
[2026-09-04 09:53:16Z INFO ProcessInvokerWrapper]   Require exit code zero: 'False'
[2026-09-04 09:53:16Z INFO ProcessInvokerWrapper]   Encoding web name:  ; code page: ''
[2026-09-04 09:53:16Z INFO ProcessInvokerWrapper]   Force kill process on cancellation: 'False'
[2026-09-04 09:53:16Z INFO ProcessInvokerWrapper]   Redirected STDIN: 'False'
[2026-09-04 09:53:16Z INFO ProcessInvokerWrapper]   Persist current code page: 'True'
[2026-09-04 09:53:16Z INFO ProcessInvokerWrapper]   Keep redirected STDIN open: 'False'
[2026-09-04 09:53:16Z INFO ProcessInvokerWrapper]   High priority process: 'False'
[2026-09-04 09:53:16Z INFO ProcessInvokerWrapper] Process started with process id 18656, waiting for process exit.
[2026-09-04 09:53:16Z INFO ProcessInvokerWrapper] STDOUT/STDERR stream read finished.
[2026-09-04 09:53:16Z INFO ProcessInvokerWrapper] STDOUT/STDERR stream read finished.
[2026-09-04 09:53:16Z INFO ProcessInvokerWrapper] Finished process 18656 with exit code 0, and elapsed time 00:00:00.0477871.
[2026-09-04 09:53:16Z INFO StepsRunner] Successfully returned to code page 65001 (UTF8)
[2026-09-04 09:53:16Z INFO HostContext] Well known directory 'Bin': 'C:\Users\thennarasuv\CICD\actions-runner\bin'
[2026-09-04 09:53:16Z INFO HostContext] Well known directory 'Root': 'C:\Users\thennarasuv\CICD\actions-runner'
[2026-09-04 09:53:16Z INFO HostContext] Well known directory 'Work': 'C:\Users\thennarasuv\CICD\actions-runner\_work'
[2026-09-04 09:53:16Z INFO HostContext] Well known directory 'Temp': 'C:\Users\thennarasuv\CICD\actions-runner\_work\_temp'
[2026-09-04 09:53:16Z INFO ExecutionContext] Write event payload to C:\Users\thennarasuv\CICD\actions-runner\_work\_temp\_github_workflow\event.json
[2026-09-04 09:53:16Z INFO HostContext] Well known directory 'Bin': 'C:\Users\thennarasuv\CICD\actions-runner\bin'
[2026-09-04 09:53:16Z INFO HostContext] Well known directory 'Root': 'C:\Users\thennarasuv\CICD\actions-runner'
[2026-09-04 09:53:16Z INFO HostContext] Well known directory 'Work': 'C:\Users\thennarasuv\CICD\actions-runner\_work'
[2026-09-04 09:53:16Z INFO HostContext] Well known directory 'Temp': 'C:\Users\thennarasuv\CICD\actions-runner\_work\_temp'
[2026-09-04 09:53:16Z INFO ExtensionManager] Getting extensions for interface: 'GitHub.Runner.Worker.IFileCommandExtension'
[2026-09-04 09:53:16Z INFO ExtensionManager] Getting extensions for interface: 'GitHub.Runner.Worker.IActionCommandExtension'
[2026-09-04 09:53:16Z INFO ActionCommandManager] Register action command extension for command internal-set-repo-path
[2026-09-04 09:53:16Z INFO ActionCommandManager] Register action command extension for command set-env
[2026-09-04 09:53:16Z INFO ActionCommandManager] Register action command extension for command set-output
[2026-09-04 09:53:16Z INFO ActionCommandManager] Register action command extension for command save-state
[2026-09-04 09:53:16Z INFO ActionCommandManager] Register action command extension for command add-path
[2026-09-04 09:53:16Z INFO ActionCommandManager] Register action command extension for command add-mask
[2026-09-04 09:53:16Z INFO ActionCommandManager] Register action command extension for command add-matcher
[2026-09-04 09:53:16Z INFO ActionCommandManager] Register action command extension for command remove-matcher
[2026-09-04 09:53:16Z INFO ActionCommandManager] Register action command extension for command warning
[2026-09-04 09:53:16Z INFO ActionCommandManager] Register action command extension for command error
[2026-09-04 09:53:16Z INFO ActionCommandManager] Register action command extension for command notice
[2026-09-04 09:53:16Z INFO ActionCommandManager] Register action command extension for command debug
[2026-09-04 09:53:16Z INFO ActionCommandManager] Register action command extension for command group
[2026-09-04 09:53:16Z INFO ActionCommandManager] Register action command extension for command endgroup
[2026-09-04 09:53:16Z INFO ActionCommandManager] Register action command extension for command echo
[2026-09-04 09:53:16Z INFO ScriptHandler] Which2: 'powershell'
[2026-09-04 09:53:16Z INFO JobServerQueue] Try to append 1 batches web console lines for record 'bd8bd3b1-a1f0-4fc8-a249-814a48198313', success rate: 1/1.
[2026-09-04 09:53:16Z INFO JobServerQueue] Try to append 1 batches web console lines for record '47b54676-0ffa-4d78-b4e4-2f64bbc052d0', success rate: 1/1.
[2026-09-04 09:53:16Z INFO ScriptHandler] Location: 'C:\WINDOWS\System32\WindowsPowerShell\v1.0\powershell.EXE'
[2026-09-04 09:53:16Z INFO HostContext] Well known directory 'Bin': 'C:\Users\thennarasuv\CICD\actions-runner\bin'
[2026-09-04 09:53:16Z INFO HostContext] Well known directory 'Root': 'C:\Users\thennarasuv\CICD\actions-runner'
[2026-09-04 09:53:16Z INFO HostContext] Well known directory 'Work': 'C:\Users\thennarasuv\CICD\actions-runner\_work'
[2026-09-04 09:53:16Z INFO HostContext] Well known directory 'Temp': 'C:\Users\thennarasuv\CICD\actions-runner\_work\_temp'
[2026-09-04 09:53:16Z INFO ScriptHandler] Which2: 'powershell'
[2026-09-04 09:53:16Z INFO ScriptHandler] Location: 'C:\WINDOWS\System32\WindowsPowerShell\v1.0\powershell.EXE'
[2026-09-04 09:53:16Z INFO ProcessInvokerWrapper] Starting process:
[2026-09-04 09:53:16Z INFO ProcessInvokerWrapper]   File name: 'C:\WINDOWS\System32\WindowsPowerShell\v1.0\powershell.EXE'
[2026-09-04 09:53:16Z INFO ProcessInvokerWrapper]   Arguments: '-command ". 'C:\Users\thennarasuv\CICD\actions-runner\_work\_temp\0374bc9c-2d9c-4fba-b41d-22b39792c155.ps1'"'
[2026-09-04 09:53:16Z INFO ProcessInvokerWrapper]   Working directory: 'C:\Users\thennarasuv\CICD\actions-runner\_work\CICD\CICD'
[2026-09-04 09:53:16Z INFO ProcessInvokerWrapper]   Require exit code zero: 'False'
[2026-09-04 09:53:16Z INFO ProcessInvokerWrapper]   Encoding web name:  ; code page: ''
[2026-09-04 09:53:16Z INFO ProcessInvokerWrapper]   Force kill process on cancellation: 'False'
[2026-09-04 09:53:16Z INFO ProcessInvokerWrapper]   Redirected STDIN: 'False'
[2026-09-04 09:53:16Z INFO ProcessInvokerWrapper]   Persist current code page: 'True'
[2026-09-04 09:53:16Z INFO ProcessInvokerWrapper]   Keep redirected STDIN open: 'False'
[2026-09-04 09:53:16Z INFO ProcessInvokerWrapper]   High priority process: 'False'
[2026-09-04 09:53:16Z INFO ProcessInvokerWrapper] Process started with process id 25208, waiting for process exit.
[2026-09-04 09:53:16Z INFO JobServerQueue] Try to append 1 batches web console lines for record '47b54676-0ffa-4d78-b4e4-2f64bbc052d0', success rate: 1/1.
[2026-09-04 09:53:16Z INFO JobServerQueue] Try to upload 1 log files or attachments, success rate: 1/1.
[2026-09-04 09:53:16Z INFO JobServerQueue] Tried to upload 1 file(s) to results, success rate: 1/1.
[2026-09-04 09:53:16Z INFO JobServerQueue] Try to append 1 batches web console lines for record '47b54676-0ffa-4d78-b4e4-2f64bbc052d0', success rate: 1/1.
[2026-09-04 09:53:16Z INFO ProcessInvokerWrapper] STDOUT/STDERR stream read finished.
[2026-09-04 09:53:16Z INFO ProcessInvokerWrapper] STDOUT/STDERR stream read finished.
[2026-09-04 09:53:16Z INFO ProcessInvokerWrapper] Finished process 25208 with exit code 0, and elapsed time 00:00:00.6495469.
[2026-09-04 09:53:16Z INFO CreateStepSummaryCommand] Step Summary file (C:\Users\thennarasuv\CICD\actions-runner\_work\_temp\_runner_file_commands\step_summary_54595965-8deb-45b3-bcaf-6c598fedf1a2) is empty; skipping attachment upload
[2026-09-04 09:53:16Z INFO StepsRunner] Step result: 
[2026-09-04 09:53:16Z INFO ExecutionContext] Publish step telemetry for current step {
  "action": "powershell",
  "type": "run",
  "stage": "Main",
  "stepId": "47b54676-0ffa-4d78-b4e4-2f64bbc052d0",
  "stepContextName": "__run_8",
  "result": "succeeded",
  "errorMessages": [],
  "executionTimeInSeconds": 1,
  "startTime": "2026-09-04T09:53:16.1705026Z",
  "finishTime": "2026-09-04T09:53:16.8962966Z"
}.
[2026-09-04 09:53:16Z INFO StepsRunner] No need for updating job result with current step result 'Succeeded'.
[2026-09-04 09:53:16Z INFO StepsRunner] Current state: job state = ''
[2026-09-04 09:53:16Z INFO StepsRunner] Processing step: DisplayName='Verify pods'
[2026-09-04 09:53:16Z INFO StepsRunner] Evaluating: success()
[2026-09-04 09:53:16Z INFO StepsRunner] Result: true
[2026-09-04 09:53:16Z INFO StepsRunner] Starting the step.
[2026-09-04 09:53:16Z INFO HostContext] Well known directory 'Bin': 'C:\Users\thennarasuv\CICD\actions-runner\bin'
[2026-09-04 09:53:16Z INFO HostContext] Well known directory 'Root': 'C:\Users\thennarasuv\CICD\actions-runner'
[2026-09-04 09:53:16Z INFO HostContext] Well known directory 'Work': 'C:\Users\thennarasuv\CICD\actions-runner\_work'
[2026-09-04 09:53:16Z INFO StepsRunner] Which2: 'chcp'
[2026-09-04 09:53:16Z INFO StepsRunner] Location: 'C:\WINDOWS\system32\chcp.COM'
[2026-09-04 09:53:16Z INFO ProcessInvokerWrapper] Starting process:
[2026-09-04 09:53:16Z INFO ProcessInvokerWrapper]   File name: 'C:\WINDOWS\system32\chcp.COM'
[2026-09-04 09:53:16Z INFO ProcessInvokerWrapper]   Arguments: '65001'
[2026-09-04 09:53:16Z INFO ProcessInvokerWrapper]   Working directory: 'C:\Users\thennarasuv\CICD\actions-runner\_work'
[2026-09-04 09:53:16Z INFO ProcessInvokerWrapper]   Require exit code zero: 'False'
[2026-09-04 09:53:16Z INFO ProcessInvokerWrapper]   Encoding web name:  ; code page: ''
[2026-09-04 09:53:16Z INFO ProcessInvokerWrapper]   Force kill process on cancellation: 'False'
[2026-09-04 09:53:16Z INFO ProcessInvokerWrapper]   Redirected STDIN: 'False'
[2026-09-04 09:53:16Z INFO ProcessInvokerWrapper]   Persist current code page: 'True'
[2026-09-04 09:53:16Z INFO ProcessInvokerWrapper]   Keep redirected STDIN open: 'False'
[2026-09-04 09:53:16Z INFO ProcessInvokerWrapper]   High priority process: 'False'
[2026-09-04 09:53:16Z INFO ProcessInvokerWrapper] Process started with process id 16864, waiting for process exit.
[2026-09-04 09:53:16Z INFO ProcessInvokerWrapper] STDOUT/STDERR stream read finished.
[2026-09-04 09:53:16Z INFO ProcessInvokerWrapper] STDOUT/STDERR stream read finished.
[2026-09-04 09:53:16Z INFO ProcessInvokerWrapper] Finished process 16864 with exit code 0, and elapsed time 00:00:00.0347851.
[2026-09-04 09:53:16Z INFO StepsRunner] Successfully returned to code page 65001 (UTF8)
[2026-09-04 09:53:16Z INFO HostContext] Well known directory 'Bin': 'C:\Users\thennarasuv\CICD\actions-runner\bin'
[2026-09-04 09:53:16Z INFO HostContext] Well known directory 'Root': 'C:\Users\thennarasuv\CICD\actions-runner'
[2026-09-04 09:53:16Z INFO HostContext] Well known directory 'Work': 'C:\Users\thennarasuv\CICD\actions-runner\_work'
[2026-09-04 09:53:16Z INFO HostContext] Well known directory 'Temp': 'C:\Users\thennarasuv\CICD\actions-runner\_work\_temp'
[2026-09-04 09:53:16Z INFO ExecutionContext] Write event payload to C:\Users\thennarasuv\CICD\actions-runner\_work\_temp\_github_workflow\event.json
[2026-09-04 09:53:16Z INFO HostContext] Well known directory 'Bin': 'C:\Users\thennarasuv\CICD\actions-runner\bin'
[2026-09-04 09:53:16Z INFO HostContext] Well known directory 'Root': 'C:\Users\thennarasuv\CICD\actions-runner'
[2026-09-04 09:53:16Z INFO HostContext] Well known directory 'Work': 'C:\Users\thennarasuv\CICD\actions-runner\_work'
[2026-09-04 09:53:16Z INFO HostContext] Well known directory 'Temp': 'C:\Users\thennarasuv\CICD\actions-runner\_work\_temp'
[2026-09-04 09:53:16Z INFO ExtensionManager] Getting extensions for interface: 'GitHub.Runner.Worker.IFileCommandExtension'
[2026-09-04 09:53:16Z INFO ExtensionManager] Getting extensions for interface: 'GitHub.Runner.Worker.IActionCommandExtension'
[2026-09-04 09:53:16Z INFO ActionCommandManager] Register action command extension for command internal-set-repo-path
[2026-09-04 09:53:16Z INFO ActionCommandManager] Register action command extension for command set-env
[2026-09-04 09:53:16Z INFO ActionCommandManager] Register action command extension for command set-output
[2026-09-04 09:53:16Z INFO ActionCommandManager] Register action command extension for command save-state
[2026-09-04 09:53:16Z INFO ActionCommandManager] Register action command extension for command add-path
[2026-09-04 09:53:16Z INFO ActionCommandManager] Register action command extension for command add-mask
[2026-09-04 09:53:16Z INFO ActionCommandManager] Register action command extension for command add-matcher
[2026-09-04 09:53:16Z INFO ActionCommandManager] Register action command extension for command remove-matcher
[2026-09-04 09:53:16Z INFO ActionCommandManager] Register action command extension for command warning
[2026-09-04 09:53:16Z INFO ActionCommandManager] Register action command extension for command error
[2026-09-04 09:53:16Z INFO ActionCommandManager] Register action command extension for command notice
[2026-09-04 09:53:16Z INFO ActionCommandManager] Register action command extension for command debug
[2026-09-04 09:53:16Z INFO ActionCommandManager] Register action command extension for command group
[2026-09-04 09:53:16Z INFO ActionCommandManager] Register action command extension for command endgroup
[2026-09-04 09:53:16Z INFO ActionCommandManager] Register action command extension for command echo
[2026-09-04 09:53:16Z INFO ScriptHandler] Which2: 'powershell'
[2026-09-04 09:53:16Z INFO ScriptHandler] Location: 'C:\WINDOWS\System32\WindowsPowerShell\v1.0\powershell.EXE'
[2026-09-04 09:53:16Z INFO HostContext] Well known directory 'Bin': 'C:\Users\thennarasuv\CICD\actions-runner\bin'
[2026-09-04 09:53:16Z INFO HostContext] Well known directory 'Root': 'C:\Users\thennarasuv\CICD\actions-runner'
[2026-09-04 09:53:16Z INFO HostContext] Well known directory 'Work': 'C:\Users\thennarasuv\CICD\actions-runner\_work'
[2026-09-04 09:53:16Z INFO HostContext] Well known directory 'Temp': 'C:\Users\thennarasuv\CICD\actions-runner\_work\_temp'
[2026-09-04 09:53:16Z INFO ScriptHandler] Which2: 'powershell'
[2026-09-04 09:53:16Z INFO ScriptHandler] Location: 'C:\WINDOWS\System32\WindowsPowerShell\v1.0\powershell.EXE'
[2026-09-04 09:53:16Z INFO ProcessInvokerWrapper] Starting process:
[2026-09-04 09:53:16Z INFO ProcessInvokerWrapper]   File name: 'C:\WINDOWS\System32\WindowsPowerShell\v1.0\powershell.EXE'
[2026-09-04 09:53:16Z INFO ProcessInvokerWrapper]   Arguments: '-command ". 'C:\Users\thennarasuv\CICD\actions-runner\_work\_temp\c57a339e-b2d2-45b6-b348-d9a52af439db.ps1'"'
[2026-09-04 09:53:16Z INFO ProcessInvokerWrapper]   Working directory: 'C:\Users\thennarasuv\CICD\actions-runner\_work\CICD\CICD'
[2026-09-04 09:53:16Z INFO ProcessInvokerWrapper]   Require exit code zero: 'False'
[2026-09-04 09:53:16Z INFO ProcessInvokerWrapper]   Encoding web name:  ; code page: ''
[2026-09-04 09:53:16Z INFO ProcessInvokerWrapper]   Force kill process on cancellation: 'False'
[2026-09-04 09:53:16Z INFO ProcessInvokerWrapper]   Redirected STDIN: 'False'
[2026-09-04 09:53:16Z INFO ProcessInvokerWrapper]   Persist current code page: 'True'
[2026-09-04 09:53:16Z INFO ProcessInvokerWrapper]   Keep redirected STDIN open: 'False'
[2026-09-04 09:53:16Z INFO ProcessInvokerWrapper]   High priority process: 'False'
[2026-09-04 09:53:16Z INFO ProcessInvokerWrapper] Process started with process id 6276, waiting for process exit.
[2026-09-04 09:53:17Z INFO JobServerQueue] Try to append 1 batches web console lines for record '47b54676-0ffa-4d78-b4e4-2f64bbc052d0', success rate: 1/1.
[2026-09-04 09:53:17Z INFO JobServerQueue] Try to append 1 batches web console lines for record '66dc897c-f119-4c27-b409-a81e8f8ac8fe', success rate: 1/1.
[2026-09-04 09:53:17Z INFO ProcessInvokerWrapper] STDOUT/STDERR stream read finished.
[2026-09-04 09:53:17Z INFO ProcessInvokerWrapper] STDOUT/STDERR stream read finished.
[2026-09-04 09:53:17Z INFO ProcessInvokerWrapper] Finished process 6276 with exit code 0, and elapsed time 00:00:00.4565274.
[2026-09-04 09:53:17Z INFO CreateStepSummaryCommand] Step Summary file (C:\Users\thennarasuv\CICD\actions-runner\_work\_temp\_runner_file_commands\step_summary_826289b6-7807-43ee-9ab0-b309f39416f2) is empty; skipping attachment upload
[2026-09-04 09:53:17Z INFO StepsRunner] Step result: 
[2026-09-04 09:53:17Z INFO ExecutionContext] Publish step telemetry for current step {
  "action": "powershell",
  "type": "run",
  "stage": "Main",
  "stepId": "66dc897c-f119-4c27-b409-a81e8f8ac8fe",
  "stepContextName": "__run_9",
  "result": "succeeded",
  "errorMessages": [],
  "executionTimeInSeconds": 1,
  "startTime": "2026-09-04T09:53:16.8974462Z",
  "finishTime": "2026-09-04T09:53:17.4122967Z"
}.
[2026-09-04 09:53:17Z INFO StepsRunner] No need for updating job result with current step result 'Succeeded'.
[2026-09-04 09:53:17Z INFO StepsRunner] Current state: job state = ''
[2026-09-04 09:53:17Z INFO StepsRunner] Processing step: DisplayName='Deployment completed'
[2026-09-04 09:53:17Z INFO StepsRunner] Evaluating: success()
[2026-09-04 09:53:17Z INFO StepsRunner] Result: true
[2026-09-04 09:53:17Z INFO StepsRunner] Starting the step.
[2026-09-04 09:53:17Z INFO HostContext] Well known directory 'Bin': 'C:\Users\thennarasuv\CICD\actions-runner\bin'
[2026-09-04 09:53:17Z INFO HostContext] Well known directory 'Root': 'C:\Users\thennarasuv\CICD\actions-runner'
[2026-09-04 09:53:17Z INFO HostContext] Well known directory 'Work': 'C:\Users\thennarasuv\CICD\actions-runner\_work'
[2026-09-04 09:53:17Z INFO StepsRunner] Which2: 'chcp'
[2026-09-04 09:53:17Z INFO StepsRunner] Location: 'C:\WINDOWS\system32\chcp.COM'
[2026-09-04 09:53:17Z INFO ProcessInvokerWrapper] Starting process:
[2026-09-04 09:53:17Z INFO ProcessInvokerWrapper]   File name: 'C:\WINDOWS\system32\chcp.COM'
[2026-09-04 09:53:17Z INFO ProcessInvokerWrapper]   Arguments: '65001'
[2026-09-04 09:53:17Z INFO ProcessInvokerWrapper]   Working directory: 'C:\Users\thennarasuv\CICD\actions-runner\_work'
[2026-09-04 09:53:17Z INFO ProcessInvokerWrapper]   Require exit code zero: 'False'
[2026-09-04 09:53:17Z INFO ProcessInvokerWrapper]   Encoding web name:  ; code page: ''
[2026-09-04 09:53:17Z INFO ProcessInvokerWrapper]   Force kill process on cancellation: 'False'
[2026-09-04 09:53:17Z INFO ProcessInvokerWrapper]   Redirected STDIN: 'False'
[2026-09-04 09:53:17Z INFO ProcessInvokerWrapper]   Persist current code page: 'True'
[2026-09-04 09:53:17Z INFO ProcessInvokerWrapper]   Keep redirected STDIN open: 'False'
[2026-09-04 09:53:17Z INFO ProcessInvokerWrapper]   High priority process: 'False'
[2026-09-04 09:53:17Z INFO ProcessInvokerWrapper] Process started with process id 22620, waiting for process exit.
[2026-09-04 09:53:17Z INFO ProcessInvokerWrapper] STDOUT/STDERR stream read finished.
[2026-09-04 09:53:17Z INFO ProcessInvokerWrapper] STDOUT/STDERR stream read finished.
[2026-09-04 09:53:17Z INFO ProcessInvokerWrapper] Finished process 22620 with exit code 0, and elapsed time 00:00:00.0364447.
[2026-09-04 09:53:17Z INFO StepsRunner] Successfully returned to code page 65001 (UTF8)
[2026-09-04 09:53:17Z INFO HostContext] Well known directory 'Bin': 'C:\Users\thennarasuv\CICD\actions-runner\bin'
[2026-09-04 09:53:17Z INFO HostContext] Well known directory 'Root': 'C:\Users\thennarasuv\CICD\actions-runner'
[2026-09-04 09:53:17Z INFO HostContext] Well known directory 'Work': 'C:\Users\thennarasuv\CICD\actions-runner\_work'
[2026-09-04 09:53:17Z INFO HostContext] Well known directory 'Temp': 'C:\Users\thennarasuv\CICD\actions-runner\_work\_temp'
[2026-09-04 09:53:17Z INFO ExecutionContext] Write event payload to C:\Users\thennarasuv\CICD\actions-runner\_work\_temp\_github_workflow\event.json
[2026-09-04 09:53:17Z INFO HostContext] Well known directory 'Bin': 'C:\Users\thennarasuv\CICD\actions-runner\bin'
[2026-09-04 09:53:17Z INFO HostContext] Well known directory 'Root': 'C:\Users\thennarasuv\CICD\actions-runner'
[2026-09-04 09:53:17Z INFO HostContext] Well known directory 'Work': 'C:\Users\thennarasuv\CICD\actions-runner\_work'
[2026-09-04 09:53:17Z INFO HostContext] Well known directory 'Temp': 'C:\Users\thennarasuv\CICD\actions-runner\_work\_temp'
[2026-09-04 09:53:17Z INFO ExtensionManager] Getting extensions for interface: 'GitHub.Runner.Worker.IFileCommandExtension'
[2026-09-04 09:53:17Z INFO ExtensionManager] Getting extensions for interface: 'GitHub.Runner.Worker.IActionCommandExtension'
[2026-09-04 09:53:17Z INFO ActionCommandManager] Register action command extension for command internal-set-repo-path
[2026-09-04 09:53:17Z INFO ActionCommandManager] Register action command extension for command set-env
[2026-09-04 09:53:17Z INFO ActionCommandManager] Register action command extension for command set-output
[2026-09-04 09:53:17Z INFO ActionCommandManager] Register action command extension for command save-state
[2026-09-04 09:53:17Z INFO ActionCommandManager] Register action command extension for command add-path
[2026-09-04 09:53:17Z INFO ActionCommandManager] Register action command extension for command add-mask
[2026-09-04 09:53:17Z INFO ActionCommandManager] Register action command extension for command add-matcher
[2026-09-04 09:53:17Z INFO ActionCommandManager] Register action command extension for command remove-matcher
[2026-09-04 09:53:17Z INFO ActionCommandManager] Register action command extension for command warning
[2026-09-04 09:53:17Z INFO ActionCommandManager] Register action command extension for command error
[2026-09-04 09:53:17Z INFO ActionCommandManager] Register action command extension for command notice
[2026-09-04 09:53:17Z INFO ActionCommandManager] Register action command extension for command debug
[2026-09-04 09:53:17Z INFO ActionCommandManager] Register action command extension for command group
[2026-09-04 09:53:17Z INFO ActionCommandManager] Register action command extension for command endgroup
[2026-09-04 09:53:17Z INFO ActionCommandManager] Register action command extension for command echo
[2026-09-04 09:53:17Z INFO ScriptHandler] Which2: 'powershell'
[2026-09-04 09:53:17Z INFO ScriptHandler] Location: 'C:\WINDOWS\System32\WindowsPowerShell\v1.0\powershell.EXE'
[2026-09-04 09:53:17Z INFO HostContext] Well known directory 'Bin': 'C:\Users\thennarasuv\CICD\actions-runner\bin'
[2026-09-04 09:53:17Z INFO HostContext] Well known directory 'Root': 'C:\Users\thennarasuv\CICD\actions-runner'
[2026-09-04 09:53:17Z INFO HostContext] Well known directory 'Work': 'C:\Users\thennarasuv\CICD\actions-runner\_work'
[2026-09-04 09:53:17Z INFO HostContext] Well known directory 'Temp': 'C:\Users\thennarasuv\CICD\actions-runner\_work\_temp'
[2026-09-04 09:53:17Z INFO ScriptHandler] Which2: 'powershell'
[2026-09-04 09:53:17Z INFO ScriptHandler] Location: 'C:\WINDOWS\System32\WindowsPowerShell\v1.0\powershell.EXE'
[2026-09-04 09:53:17Z INFO ProcessInvokerWrapper] Starting process:
[2026-09-04 09:53:17Z INFO ProcessInvokerWrapper]   File name: 'C:\WINDOWS\System32\WindowsPowerShell\v1.0\powershell.EXE'
[2026-09-04 09:53:17Z INFO ProcessInvokerWrapper]   Arguments: '-command ". 'C:\Users\thennarasuv\CICD\actions-runner\_work\_temp\27e344e8-1781-4662-8bcf-c62be4e360ee.ps1'"'
[2026-09-04 09:53:17Z INFO ProcessInvokerWrapper]   Working directory: 'C:\Users\thennarasuv\CICD\actions-runner\_work\CICD\CICD'
[2026-09-04 09:53:17Z INFO ProcessInvokerWrapper]   Require exit code zero: 'False'
[2026-09-04 09:53:17Z INFO ProcessInvokerWrapper]   Encoding web name:  ; code page: ''
[2026-09-04 09:53:17Z INFO ProcessInvokerWrapper]   Force kill process on cancellation: 'False'
[2026-09-04 09:53:17Z INFO ProcessInvokerWrapper]   Redirected STDIN: 'False'
[2026-09-04 09:53:17Z INFO ProcessInvokerWrapper]   Persist current code page: 'True'
[2026-09-04 09:53:17Z INFO ProcessInvokerWrapper]   Keep redirected STDIN open: 'False'
[2026-09-04 09:53:17Z INFO ProcessInvokerWrapper]   High priority process: 'False'
[2026-09-04 09:53:17Z INFO ProcessInvokerWrapper] Process started with process id 10380, waiting for process exit.
[2026-09-04 09:53:17Z INFO JobServerQueue] Try to append 1 batches web console lines for record '66dc897c-f119-4c27-b409-a81e8f8ac8fe', success rate: 1/1.
[2026-09-04 09:53:17Z INFO JobServerQueue] Try to append 1 batches web console lines for record 'c55a0ea2-6edc-4170-a943-d2178dfbd7a8', success rate: 1/1.
[2026-09-04 09:53:17Z INFO JobServerQueue] Try to upload 2 log files or attachments, success rate: 2/2.
[2026-09-04 09:53:17Z INFO JobServerQueue] Got a step log file to send to results service.
[2026-09-04 09:53:17Z INFO JobServerQueue] Starting upload of step log file to results service ResultsLog, C:\Users\thennarasuv\CICD\actions-runner\_diag\blocks\e96ba536-905e-4f28-8814-8c89d94cd3f9_bd8bd3b1-a1f0-4fc8-a249-814a48198313.1
[2026-09-04 09:53:17Z INFO ProcessInvokerWrapper] STDOUT/STDERR stream read finished.
[2026-09-04 09:53:17Z INFO ProcessInvokerWrapper] STDOUT/STDERR stream read finished.
[2026-09-04 09:53:17Z INFO ProcessInvokerWrapper] Finished process 10380 with exit code 0, and elapsed time 00:00:00.3977263.
[2026-09-04 09:53:17Z INFO CreateStepSummaryCommand] Step Summary file (C:\Users\thennarasuv\CICD\actions-runner\_work\_temp\_runner_file_commands\step_summary_4cc0d3ad-dffd-4e8b-b2ba-6391a7abc472) is empty; skipping attachment upload
[2026-09-04 09:53:17Z INFO StepsRunner] Step result: 
[2026-09-04 09:53:17Z INFO ExecutionContext] Publish step telemetry for current step {
  "action": "powershell",
  "type": "run",
  "stage": "Main",
  "stepId": "c55a0ea2-6edc-4170-a943-d2178dfbd7a8",
  "stepContextName": "__run_10",
  "result": "succeeded",
  "errorMessages": [],
  "executionTimeInSeconds": 1,
  "startTime": "2026-09-04T09:53:17.4134956Z",
  "finishTime": "2026-09-04T09:53:17.8680207Z"
}.
[2026-09-04 09:53:17Z INFO StepsRunner] No need for updating job result with current step result 'Succeeded'.
[2026-09-04 09:53:17Z INFO StepsRunner] Current state: job state = ''
[2026-09-04 09:53:17Z INFO StepsRunner] Processing step: DisplayName='Post Checkout source'
[2026-09-04 09:53:17Z INFO StepsRunner] Evaluating: always()
[2026-09-04 09:53:17Z INFO StepsRunner] Result: true
[2026-09-04 09:53:17Z INFO StepsRunner] Starting the step.
[2026-09-04 09:53:17Z INFO HostContext] Well known directory 'Bin': 'C:\Users\thennarasuv\CICD\actions-runner\bin'
[2026-09-04 09:53:17Z INFO HostContext] Well known directory 'Root': 'C:\Users\thennarasuv\CICD\actions-runner'
[2026-09-04 09:53:17Z INFO HostContext] Well known directory 'Work': 'C:\Users\thennarasuv\CICD\actions-runner\_work'
[2026-09-04 09:53:17Z INFO StepsRunner] Which2: 'chcp'
[2026-09-04 09:53:17Z INFO StepsRunner] Location: 'C:\WINDOWS\system32\chcp.COM'
[2026-09-04 09:53:17Z INFO ProcessInvokerWrapper] Starting process:
[2026-09-04 09:53:17Z INFO ProcessInvokerWrapper]   File name: 'C:\WINDOWS\system32\chcp.COM'
[2026-09-04 09:53:17Z INFO ProcessInvokerWrapper]   Arguments: '65001'
[2026-09-04 09:53:17Z INFO ProcessInvokerWrapper]   Working directory: 'C:\Users\thennarasuv\CICD\actions-runner\_work'
[2026-09-04 09:53:17Z INFO ProcessInvokerWrapper]   Require exit code zero: 'False'
[2026-09-04 09:53:17Z INFO ProcessInvokerWrapper]   Encoding web name:  ; code page: ''
[2026-09-04 09:53:17Z INFO ProcessInvokerWrapper]   Force kill process on cancellation: 'False'
[2026-09-04 09:53:17Z INFO ProcessInvokerWrapper]   Redirected STDIN: 'False'
[2026-09-04 09:53:17Z INFO ProcessInvokerWrapper]   Persist current code page: 'True'
[2026-09-04 09:53:17Z INFO ProcessInvokerWrapper]   Keep redirected STDIN open: 'False'
[2026-09-04 09:53:17Z INFO ProcessInvokerWrapper]   High priority process: 'False'
[2026-09-04 09:53:17Z INFO ProcessInvokerWrapper] Process started with process id 15356, waiting for process exit.
[2026-09-04 09:53:17Z INFO ProcessInvokerWrapper] STDOUT/STDERR stream read finished.
[2026-09-04 09:53:17Z INFO ProcessInvokerWrapper] STDOUT/STDERR stream read finished.
[2026-09-04 09:53:17Z INFO ProcessInvokerWrapper] Finished process 15356 with exit code 0, and elapsed time 00:00:00.0367113.
[2026-09-04 09:53:17Z INFO StepsRunner] Successfully returned to code page 65001 (UTF8)
[2026-09-04 09:53:17Z INFO HostContext] Well known directory 'Bin': 'C:\Users\thennarasuv\CICD\actions-runner\bin'
[2026-09-04 09:53:17Z INFO HostContext] Well known directory 'Root': 'C:\Users\thennarasuv\CICD\actions-runner'
[2026-09-04 09:53:17Z INFO HostContext] Well known directory 'Work': 'C:\Users\thennarasuv\CICD\actions-runner\_work'
[2026-09-04 09:53:17Z INFO HostContext] Well known directory 'Actions': 'C:\Users\thennarasuv\CICD\actions-runner\_work\_actions'
[2026-09-04 09:53:17Z INFO ActionManager] Load action that reference repository from 'C:\Users\thennarasuv\CICD\actions-runner\_work\_actions\actions\checkout\v4'
[2026-09-04 09:53:17Z INFO HostContext] Well known directory 'Bin': 'C:\Users\thennarasuv\CICD\actions-runner\bin'
[2026-09-04 09:53:17Z INFO HostContext] Well known directory 'Root': 'C:\Users\thennarasuv\CICD\actions-runner'
[2026-09-04 09:53:17Z INFO HostContext] Well known directory 'Work': 'C:\Users\thennarasuv\CICD\actions-runner\_work'
[2026-09-04 09:53:17Z INFO HostContext] Well known directory 'Actions': 'C:\Users\thennarasuv\CICD\actions-runner\_work\_actions'
[2026-09-04 09:53:17Z INFO ActionManifestManagerLegacy] Loaded action.yml file: {
  "name": "Checkout",
  "description": "Checkout a Git repository at a particular version",
  "inputs": {
    "type": 2,
    "map": [
      {
        "key": {
          "type": 0,
          "file": 2,
          "line": 4,
          "col": 3,
          "lit": "repository"
        },
        "value": {
          "type": 3,
          "file": 2,
          "line": 6,
          "col": 14,
          "expr": "github.repository"
        }
      },
      {
        "key": {
          "type": 0,
          "file": 2,
          "line": 7,
          "col": 3,
          "lit": "ref"
        },
        "value": ""
      },
      {
        "key": {
          "type": 0,
          "file": 2,
          "line": 12,
          "col": 3,
          "lit": "token"
        },
        "value": {
          "type": 3,
          "file": 2,
          "line": 24,
          "col": 14,
          "expr": "github.token"
        }
      },
      {
        "key": {
          "type": 0,
          "file": 2,
          "line": 25,
          "col": 3,
          "lit": "ssh-key"
        },
        "value": ""
      },
      {
        "key": {
          "type": 0,
          "file": 2,
          "line": 37,
          "col": 3,
          "lit": "ssh-known-hosts"
        },
        "value": ""
      },
      {
        "key": {
          "type": 0,
          "file": 2,
          "line": 42,
          "col": 3,
          "lit": "ssh-strict"
        },
        "value": {
          "type": 0,
          "file": 2,
          "line": 47,
          "col": 14,
          "lit": "true"
        }
      },
      {
        "key": {
          "type": 0,
          "file": 2,
          "line": 48,
          "col": 3,
          "lit": "ssh-user"
        },
        "value": {
          "type": 0,
          "file": 2,
          "line": 51,
          "col": 14,
          "lit": "git"
        }
      },
      {
        "key": {
          "type": 0,
          "file": 2,
          "line": 52,
          "col": 3,
          "lit": "persist-credentials"
        },
        "value": {
          "type": 0,
          "file": 2,
          "line": 54,
          "col": 14,
          "lit": "true"
        }
      },
      {
        "key": {
          "type": 0,
          "file": 2,
          "line": 55,
          "col": 3,
          "lit": "path"
        },
        "value": ""
      },
      {
        "key": {
          "type": 0,
          "file": 2,
          "line": 57,
          "col": 3,
          "lit": "clean"
        },
        "value": {
          "type": 0,
          "file": 2,
          "line": 59,
          "col": 14,
          "lit": "true"
        }
      },
      {
        "key": {
          "type": 0,
          "file": 2,
          "line": 60,
          "col": 3,
          "lit": "filter"
        },
        "value": {
          "type": 0,
          "file": 2,
          "line": 64,
          "col": 14,
          "lit": ""
        }
      },
      {
        "key": {
          "type": 0,
          "file": 2,
          "line": 65,
          "col": 3,
          "lit": "sparse-checkout"
        },
        "value": {
          "type": 0,
          "file": 2,
          "line": 69,
          "col": 14,
          "lit": ""
        }
      },
      {
        "key": {
          "type": 0,
          "file": 2,
          "line": 70,
          "col": 3,
          "lit": "sparse-checkout-cone-mode"
        },
        "value": {
          "type": 0,
          "file": 2,
          "line": 73,
          "col": 14,
          "lit": "true"
        }
      },
      {
        "key": {
          "type": 0,
          "file": 2,
          "line": 74,
          "col": 3,
          "lit": "fetch-depth"
        },
        "value": {
          "type": 0,
          "file": 2,
          "line": 76,
          "col": 14,
          "lit": "1"
        }
      },
      {
        "key": {
          "type": 0,
          "file": 2,
          "line": 77,
          "col": 3,
          "lit": "fetch-tags"
        },
        "value": {
          "type": 0,
          "file": 2,
          "line": 79,
          "col": 14,
          "lit": "false"
        }
      },
      {
        "key": {
          "type": 0,
          "file": 2,
          "line": 80,
          "col": 3,
          "lit": "show-progress"
        },
        "value": {
          "type": 0,
          "file": 2,
          "line": 82,
          "col": 14,
          "lit": "true"
        }
      },
      {
        "key": {
          "type": 0,
          "file": 2,
          "line": 83,
          "col": 3,
          "lit": "lfs"
        },
        "value": {
          "type": 0,
          "file": 2,
          "line": 85,
          "col": 14,
          "lit": "false"
        }
      },
      {
        "key": {
          "type": 0,
          "file": 2,
          "line": 86,
          "col": 3,
          "lit": "submodules"
        },
        "value": {
          "type": 0,
          "file": 2,
          "line": 94,
          "col": 14,
          "lit": "false"
        }
      },
      {
        "key": {
          "type": 0,
          "file": 2,
          "line": 95,
          "col": 3,
          "lit": "set-safe-directory"
        },
        "value": {
          "type": 0,
          "file": 2,
          "line": 97,
          "col": 14,
          "lit": "true"
        }
      },
      {
        "key": {
          "type": 0,
          "file": 2,
          "line": 98,
          "col": 3,
          "lit": "github-server-url"
        },
        "value": ""
      },
      {
        "key": {
          "type": 0,
          "file": 2,
          "line": 101,
          "col": 3,
          "lit": "allow-unsafe-pr-checkout"
        },
        "value": {
          "type": 0,
          "file": 2,
          "line": 109,
          "col": 14,
          "lit": "false"
        }
      }
    ]
  },
  "execution": {
    "executionType": "nodeJS",
    "hasPre": false,
    "hasPost": true,
    "script": "dist/index.js",
    "pre": null,
    "post": "dist/index.js",
    "nodeVersion": "node20",
    "cleanupCondition": "always()",
    "initCondition": "always()"
  },
  "deprecated": null
}
[2026-09-04 09:53:17Z INFO ActionManager] Action pre node.js file: N/A.
[2026-09-04 09:53:17Z INFO ActionManager] Action node.js file: dist/index.js.
[2026-09-04 09:53:17Z INFO ActionManager] Action post node.js file: dist/index.js.
[2026-09-04 09:53:17Z INFO HostContext] Well known directory 'Bin': 'C:\Users\thennarasuv\CICD\actions-runner\bin'
[2026-09-04 09:53:17Z INFO HostContext] Well known directory 'Root': 'C:\Users\thennarasuv\CICD\actions-runner'
[2026-09-04 09:53:17Z INFO HostContext] Well known directory 'Work': 'C:\Users\thennarasuv\CICD\actions-runner\_work'
[2026-09-04 09:53:17Z INFO HostContext] Well known directory 'Temp': 'C:\Users\thennarasuv\CICD\actions-runner\_work\_temp'
[2026-09-04 09:53:17Z INFO ExecutionContext] Write event payload to C:\Users\thennarasuv\CICD\actions-runner\_work\_temp\_github_workflow\event.json
[2026-09-04 09:53:17Z INFO HostContext] Well known directory 'Bin': 'C:\Users\thennarasuv\CICD\actions-runner\bin'
[2026-09-04 09:53:17Z INFO HostContext] Well known directory 'Root': 'C:\Users\thennarasuv\CICD\actions-runner'
[2026-09-04 09:53:17Z INFO HostContext] Well known directory 'Work': 'C:\Users\thennarasuv\CICD\actions-runner\_work'
[2026-09-04 09:53:17Z INFO HostContext] Well known directory 'Temp': 'C:\Users\thennarasuv\CICD\actions-runner\_work\_temp'
[2026-09-04 09:53:17Z INFO ExtensionManager] Getting extensions for interface: 'GitHub.Runner.Worker.IFileCommandExtension'
[2026-09-04 09:53:17Z INFO ActionManifestManagerLegacy] Input 'repository': default value evaluate result: {
  "type": 0,
  "file": 2,
  "line": 6,
  "col": 14,
  "lit": "dineshkumarvhns23-hash/CICD"
}
[2026-09-04 09:53:17Z INFO ActionManifestManagerLegacy] Input 'token': default value evaluate result: {
  "type": 0,
  "file": 2,
  "line": 24,
  "col": 14,
  "lit": "***"
}
[2026-09-04 09:53:17Z INFO ActionManifestManagerLegacy] Input 'ssh-key': default value evaluate result: ""
[2026-09-04 09:53:17Z INFO ActionManifestManagerLegacy] Input 'ssh-known-hosts': default value evaluate result: ""
[2026-09-04 09:53:17Z INFO ActionManifestManagerLegacy] Input 'ssh-strict': default value evaluate result: {
  "type": 0,
  "file": 2,
  "line": 47,
  "col": 14,
  "lit": "true"
}
[2026-09-04 09:53:17Z INFO ActionManifestManagerLegacy] Input 'ssh-user': default value evaluate result: {
  "type": 0,
  "file": 2,
  "line": 51,
  "col": 14,
  "lit": "git"
}
[2026-09-04 09:53:17Z INFO ActionManifestManagerLegacy] Input 'persist-credentials': default value evaluate result: {
  "type": 0,
  "file": 2,
  "line": 54,
  "col": 14,
  "lit": "true"
}
[2026-09-04 09:53:17Z INFO ActionManifestManagerLegacy] Input 'path': default value evaluate result: ""
[2026-09-04 09:53:17Z INFO ActionManifestManagerLegacy] Input 'clean': default value evaluate result: {
  "type": 0,
  "file": 2,
  "line": 59,
  "col": 14,
  "lit": "true"
}
[2026-09-04 09:53:17Z INFO ActionManifestManagerLegacy] Input 'filter': default value evaluate result: {
  "type": 0,
  "file": 2,
  "line": 64,
  "col": 14,
  "lit": ""
}
[2026-09-04 09:53:17Z INFO ActionManifestManagerLegacy] Input 'sparse-checkout': default value evaluate result: {
  "type": 0,
  "file": 2,
  "line": 69,
  "col": 14,
  "lit": ""
}
[2026-09-04 09:53:17Z INFO ActionManifestManagerLegacy] Input 'sparse-checkout-cone-mode': default value evaluate result: {
  "type": 0,
  "file": 2,
  "line": 73,
  "col": 14,
  "lit": "true"
}
[2026-09-04 09:53:17Z INFO ActionManifestManagerLegacy] Input 'fetch-depth': default value evaluate result: {
  "type": 0,
  "file": 2,
  "line": 76,
  "col": 14,
  "lit": "1"
}
[2026-09-04 09:53:17Z INFO ActionManifestManagerLegacy] Input 'fetch-tags': default value evaluate result: {
  "type": 0,
  "file": 2,
  "line": 79,
  "col": 14,
  "lit": "false"
}
[2026-09-04 09:53:17Z INFO ActionManifestManagerLegacy] Input 'show-progress': default value evaluate result: {
  "type": 0,
  "file": 2,
  "line": 82,
  "col": 14,
  "lit": "true"
}
[2026-09-04 09:53:17Z INFO ActionManifestManagerLegacy] Input 'lfs': default value evaluate result: {
  "type": 0,
  "file": 2,
  "line": 85,
  "col": 14,
  "lit": "false"
}
[2026-09-04 09:53:17Z INFO ActionManifestManagerLegacy] Input 'submodules': default value evaluate result: {
  "type": 0,
  "file": 2,
  "line": 94,
  "col": 14,
  "lit": "false"
}
[2026-09-04 09:53:17Z INFO ActionManifestManagerLegacy] Input 'set-safe-directory': default value evaluate result: {
  "type": 0,
  "file": 2,
  "line": 97,
  "col": 14,
  "lit": "true"
}
[2026-09-04 09:53:17Z INFO ActionManifestManagerLegacy] Input 'github-server-url': default value evaluate result: ""
[2026-09-04 09:53:17Z INFO ActionManifestManagerLegacy] Input 'allow-unsafe-pr-checkout': default value evaluate result: {
  "type": 0,
  "file": 2,
  "line": 109,
  "col": 14,
  "lit": "false"
}
[2026-09-04 09:53:17Z INFO ExtensionManager] Getting extensions for interface: 'GitHub.Runner.Worker.IActionCommandExtension'
[2026-09-04 09:53:17Z INFO ActionCommandManager] Register action command extension for command internal-set-repo-path
[2026-09-04 09:53:17Z INFO ActionCommandManager] Register action command extension for command set-env
[2026-09-04 09:53:17Z INFO ActionCommandManager] Register action command extension for command set-output
[2026-09-04 09:53:17Z INFO ActionCommandManager] Register action command extension for command save-state
[2026-09-04 09:53:17Z INFO ActionCommandManager] Register action command extension for command add-path
[2026-09-04 09:53:17Z INFO ActionCommandManager] Register action command extension for command add-mask
[2026-09-04 09:53:17Z INFO ActionCommandManager] Register action command extension for command add-matcher
[2026-09-04 09:53:17Z INFO ActionCommandManager] Register action command extension for command remove-matcher
[2026-09-04 09:53:17Z INFO ActionCommandManager] Register action command extension for command warning
[2026-09-04 09:53:17Z INFO ActionCommandManager] Register action command extension for command error
[2026-09-04 09:53:17Z INFO ActionCommandManager] Register action command extension for command notice
[2026-09-04 09:53:17Z INFO ActionCommandManager] Register action command extension for command debug
[2026-09-04 09:53:17Z INFO ActionCommandManager] Register action command extension for command group
[2026-09-04 09:53:17Z INFO ActionCommandManager] Register action command extension for command endgroup
[2026-09-04 09:53:17Z INFO ActionCommandManager] Register action command extension for command echo
[2026-09-04 09:53:17Z INFO HostContext] Well known directory 'Bin': 'C:\Users\thennarasuv\CICD\actions-runner\bin'
[2026-09-04 09:53:17Z INFO HostContext] Well known directory 'Root': 'C:\Users\thennarasuv\CICD\actions-runner'
[2026-09-04 09:53:17Z INFO HostContext] Well known directory 'Externals': 'C:\Users\thennarasuv\CICD\actions-runner\externals'
[2026-09-04 09:53:17Z INFO ProcessInvokerWrapper] Starting process:
[2026-09-04 09:53:17Z INFO ProcessInvokerWrapper]   File name: 'C:\Users\thennarasuv\CICD\actions-runner\externals\node24\bin\node.exe'
[2026-09-04 09:53:17Z INFO ProcessInvokerWrapper]   Arguments: '"C:\Users\thennarasuv\CICD\actions-runner\_work\_actions\actions\checkout\v4\dist/index.js"'
[2026-09-04 09:53:17Z INFO ProcessInvokerWrapper]   Working directory: 'C:\Users\thennarasuv\CICD\actions-runner\_work\CICD\CICD'
[2026-09-04 09:53:17Z INFO ProcessInvokerWrapper]   Require exit code zero: 'False'
[2026-09-04 09:53:17Z INFO ProcessInvokerWrapper]   Encoding web name: utf-8 ; code page: '65001'
[2026-09-04 09:53:17Z INFO ProcessInvokerWrapper]   Force kill process on cancellation: 'False'
[2026-09-04 09:53:17Z INFO ProcessInvokerWrapper]   Redirected STDIN: 'False'
[2026-09-04 09:53:17Z INFO ProcessInvokerWrapper]   Persist current code page: 'True'
[2026-09-04 09:53:17Z INFO ProcessInvokerWrapper]   Keep redirected STDIN open: 'False'
[2026-09-04 09:53:17Z INFO ProcessInvokerWrapper]   High priority process: 'False'
[2026-09-04 09:53:17Z INFO ProcessInvokerWrapper] Process started with process id 1072, waiting for process exit.
[2026-09-04 09:53:18Z INFO JobServerQueue] Try to append 1 batches web console lines for record 'c55a0ea2-6edc-4170-a943-d2178dfbd7a8', success rate: 1/1.
[2026-09-04 09:53:18Z INFO JobServerQueue] Try to append 1 batches web console lines for record '2eab0810-c594-48ac-aaa0-4b50b7a623f4', success rate: 1/1.
[2026-09-04 09:53:18Z INFO AddMaskCommandExtension] Add new secret mask with length of 32
[2026-09-04 09:53:18Z INFO JobServerQueue] Try to append 1 batches web console lines for record '2eab0810-c594-48ac-aaa0-4b50b7a623f4', success rate: 1/1.
[2026-09-04 09:53:18Z INFO JobServerQueue] Try to append 1 batches web console lines for record '2eab0810-c594-48ac-aaa0-4b50b7a623f4', success rate: 1/1.
[2026-09-04 09:53:18Z INFO JobServerQueue] Got a step log file to send to results service.
[2026-09-04 09:53:18Z INFO JobServerQueue] Starting upload of step log file to results service ResultsLog, C:\Users\thennarasuv\CICD\actions-runner\_diag\blocks\e96ba536-905e-4f28-8814-8c89d94cd3f9_47b54676-0ffa-4d78-b4e4-2f64bbc052d0.1
[2026-09-04 09:53:18Z INFO JobServerQueue] Try to upload 1 log files or attachments, success rate: 1/1.
[2026-09-04 09:53:19Z INFO JobServerQueue] Got a step log file to send to results service.
[2026-09-04 09:53:19Z INFO JobServerQueue] Starting upload of step log file to results service ResultsLog, C:\Users\thennarasuv\CICD\actions-runner\_diag\blocks\e96ba536-905e-4f28-8814-8c89d94cd3f9_66dc897c-f119-4c27-b409-a81e8f8ac8fe.1
[2026-09-04 09:53:20Z INFO JobServerQueue] Try to append 1 batches web console lines for record '2eab0810-c594-48ac-aaa0-4b50b7a623f4', success rate: 1/1.
[2026-09-04 09:53:20Z INFO JobServerQueue] Tried to upload 3 file(s) to results, success rate: 3/3.
[2026-09-04 09:53:20Z INFO JobServerQueue] Try to append 1 batches web console lines for record '2eab0810-c594-48ac-aaa0-4b50b7a623f4', success rate: 1/1.
[2026-09-04 09:53:21Z INFO JobServerQueue] Got a step log file to send to results service.
[2026-09-04 09:53:21Z INFO JobServerQueue] Starting upload of step log file to results service ResultsLog, C:\Users\thennarasuv\CICD\actions-runner\_diag\blocks\e96ba536-905e-4f28-8814-8c89d94cd3f9_c55a0ea2-6edc-4170-a943-d2178dfbd7a8.1
[2026-09-04 09:53:21Z INFO JobServerQueue] Try to append 1 batches web console lines for record '2eab0810-c594-48ac-aaa0-4b50b7a623f4', success rate: 1/1.
[2026-09-04 09:53:22Z INFO JobServerQueue] Tried to upload 1 file(s) to results, success rate: 1/1.
[2026-09-04 09:53:22Z INFO JobServerQueue] Try to append 1 batches web console lines for record '2eab0810-c594-48ac-aaa0-4b50b7a623f4', success rate: 1/1.
[2026-09-04 09:53:23Z INFO ProcessInvokerWrapper] STDOUT/STDERR stream read finished.
[2026-09-04 09:53:23Z INFO ProcessInvokerWrapper] STDOUT/STDERR stream read finished.
[2026-09-04 09:53:23Z INFO ProcessInvokerWrapper] Finished process 1072 with exit code 0, and elapsed time 00:00:05.6193382.
[2026-09-04 09:53:23Z INFO CreateStepSummaryCommand] Step Summary file (C:\Users\thennarasuv\CICD\actions-runner\_work\_temp\_runner_file_commands\step_summary_63264610-c21f-415f-9e08-646dc941da19) is empty; skipping attachment upload
[2026-09-04 09:53:23Z INFO StepsRunner] Step result: 
[2026-09-04 09:53:23Z INFO ExecutionContext] Publish step telemetry for current step {
  "action": "actions/checkout",
  "ref": "v4",
  "type": "node24",
  "stage": "Post",
  "stepId": "2eab0810-c594-48ac-aaa0-4b50b7a623f4",
  "result": "succeeded",
  "errorMessages": [],
  "executionTimeInSeconds": 6,
  "startTime": "2026-09-04T09:53:17.8715927Z",
  "finishTime": "2026-09-04T09:53:23.5455057Z"
}.
[2026-09-04 09:53:23Z INFO StepsRunner] No need for updating job result with current step result 'Succeeded'.
[2026-09-04 09:53:23Z INFO StepsRunner] Current state: job state = ''
[2026-09-04 09:53:23Z INFO JobRunner] Finalize job.
[2026-09-04 09:53:23Z INFO HostContext] Well known directory 'Bin': 'C:\Users\thennarasuv\CICD\actions-runner\bin'
[2026-09-04 09:53:23Z INFO HostContext] Well known directory 'Root': 'C:\Users\thennarasuv\CICD\actions-runner'
[2026-09-04 09:53:23Z INFO HostContext] Well known directory 'Diag': 'C:\Users\thennarasuv\CICD\actions-runner\_diag'
[2026-09-04 09:53:23Z INFO HostContext] Well known directory 'Bin': 'C:\Users\thennarasuv\CICD\actions-runner\bin'
[2026-09-04 09:53:23Z INFO HostContext] Well known directory 'Root': 'C:\Users\thennarasuv\CICD\actions-runner'
[2026-09-04 09:53:23Z INFO HostContext] Well known directory 'Diag': 'C:\Users\thennarasuv\CICD\actions-runner\_diag'
[2026-09-04 09:53:23Z INFO JobExtension] Initialize Env context
[2026-09-04 09:53:23Z INFO JobExtension] Initialize steps context
[2026-09-04 09:53:23Z INFO JobExtension] Total accessible running process: 343.
[2026-09-04 09:53:23Z INFO JobExtension] Inspecting process environment variables. PID: 11176 (TrustedInstaller)
[2026-09-04 09:53:23Z WARN JobExtension] Ignore exception during read process environment variables: Access is denied.
[2026-09-04 09:53:23Z INFO JobExtension] Inspecting process environment variables. PID: 3276 (TiWorker)
[2026-09-04 09:53:23Z WARN JobExtension] Ignore exception during read process environment variables: Access is denied.
[2026-09-04 09:53:23Z INFO JobExtension] Inspecting process environment variables. PID: 16732 (svchost)
[2026-09-04 09:53:23Z WARN JobExtension] Ignore exception during read process environment variables: Access is denied.
[2026-09-04 09:53:23Z INFO JobExtension] Inspecting process environment variables. PID: 21616 (WmiApSrv)
[2026-09-04 09:53:23Z WARN JobExtension] Ignore exception during read process environment variables: Access is denied.
[2026-09-04 09:53:23Z INFO JobExtension] Inspecting process environment variables. PID: 12224 (WmiPrvSE)
[2026-09-04 09:53:23Z WARN JobExtension] Ignore exception during read process environment variables: Access is denied.
[2026-09-04 09:53:23Z INFO JobExtension] Inspecting process environment variables. PID: 20008 (WmiPrvSE)
[2026-09-04 09:53:23Z WARN JobExtension] Ignore exception during read process environment variables: Access is denied.
[2026-09-04 09:53:23Z INFO JobExtension] Wait for all connectivity checks to finish.
[2026-09-04 09:53:23Z INFO JobExtension] Connectivity check result: {
  "endpointUrl": "https://broker.actions.githubusercontent.com/health",
  "endpointIPs": null,
  "startTime": "2026-09-04T09:52:25.0405511Z",
  "statusCode": "http_OK",
  "requestId": "FB87:3CF443:27B5E:32F72:6A9A94D9",
  "httpRequestDurationInMs": 1030,
  "dnsResolutionDurationInMs": 0,
  "dnsError": null
}
[2026-09-04 09:53:23Z INFO JobExtension] Connectivity check result: {
  "endpointUrl": "https://token.actions.githubusercontent.com/ready",
  "endpointIPs": null,
  "startTime": "2026-09-04T09:52:25.0415442Z",
  "statusCode": "http_NoContent",
  "requestId": "FB89:2C7DCC:EBFC20:10A00BF:6A9A94D9",
  "httpRequestDurationInMs": 1142,
  "dnsResolutionDurationInMs": 0,
  "dnsError": null
}
[2026-09-04 09:53:23Z INFO JobExtension] Connectivity check result: {
  "endpointUrl": "https://run.actions.githubusercontent.com/health",
  "endpointIPs": null,
  "startTime": "2026-09-04T09:52:25.0417758Z",
  "statusCode": "http_OK",
  "requestId": "FB88:28E90E:28DC2:333A1:6A9A94D9",
  "httpRequestDurationInMs": 1040,
  "dnsResolutionDurationInMs": 0,
  "dnsError": null
}
[2026-09-04 09:53:23Z INFO ExecutionContext] Publish step telemetry for current step {
  "action": "complete_job",
  "type": "runner",
  "stage": "Post",
  "stepId": "760c4bc3-eca9-4248-88eb-662b5af27b6a",
  "result": "succeeded",
  "errorMessages": [
    "Node.js 20 is deprecated. The following actions target Node.js 20 but are being forced to run on Node.js 24: actions/checkout@v4. For more information see: https://github.blog/changelog/2025-09-19-deprecation-of-node-20-on-github-actions-runners/"
  ],
  "executionTimeInSeconds": 1,
  "startTime": "2026-09-04T09:53:23.552965Z",
  "finishTime": "2026-09-04T09:53:23.5801448Z"
}.
[2026-09-04 09:53:23Z INFO JobRunner] Job result after all job steps finish: Succeeded
[2026-09-04 09:53:23Z INFO JobRunner] Completing the job execution context.
[2026-09-04 09:53:23Z INFO JobRunner] Shutting down the job server queue.
[2026-09-04 09:53:23Z INFO JobServerQueue] Fire signal to shutdown all queues.
[2026-09-04 09:53:24Z INFO JobServerQueue] All queue process task stopped.
[2026-09-04 09:53:24Z INFO JobServerQueue] Try to append 1 batches web console lines for record '760c4bc3-eca9-4248-88eb-662b5af27b6a', success rate: 1/1.
[2026-09-04 09:53:24Z INFO JobServerQueue] Web console line queue drained.
[2026-09-04 09:53:24Z INFO JobServerQueue] Uploading 3 files in one shot.
[2026-09-04 09:53:24Z INFO JobServerQueue] Try to upload 3 log files or attachments, success rate: 3/3.
[2026-09-04 09:53:24Z INFO JobServerQueue] File upload queue drained.
[2026-09-04 09:53:24Z INFO JobServerQueue] Starting results-based upload queue...
[2026-09-04 09:53:24Z INFO JobServerQueue] Uploading 3 file(s) in one shot through results service.
[2026-09-04 09:53:24Z INFO JobServerQueue] Got a step log file to send to results service.
[2026-09-04 09:53:24Z INFO JobServerQueue] Starting upload of step log file to results service ResultsLog, C:\Users\thennarasuv\CICD\actions-runner\_diag\blocks\e96ba536-905e-4f28-8814-8c89d94cd3f9_2eab0810-c594-48ac-aaa0-4b50b7a623f4.1
[2026-09-04 09:53:24Z INFO JobServerQueue] Got a step log file to send to results service.
[2026-09-04 09:53:24Z INFO JobServerQueue] Starting upload of step log file to results service ResultsLog, C:\Users\thennarasuv\CICD\actions-runner\_diag\blocks\e96ba536-905e-4f28-8814-8c89d94cd3f9_760c4bc3-eca9-4248-88eb-662b5af27b6a.1
[2026-09-04 09:53:25Z INFO JobServerQueue] Got a job log file to send to results service.
[2026-09-04 09:53:25Z INFO JobServerQueue] Starting upload of job log file to results service ResultsLog, C:\Users\thennarasuv\CICD\actions-runner\_diag\blocks\e96ba536-905e-4f28-8814-8c89d94cd3f9_36469999-4296-5875-8d61-ea78734ef01e.1
[2026-09-04 09:53:26Z INFO JobServerQueue] Tried to upload 3 file(s) to results, success rate: 3/3.
[2026-09-04 09:53:26Z INFO JobServerQueue] Results upload queue drained.
[2026-09-04 09:53:27Z INFO JobServerQueue] Timeline update queue drained.
[2026-09-04 09:53:27Z INFO JobServerQueue] Disposing job server ...
[2026-09-04 09:53:27Z INFO JobServerQueue] Disposing results server ...
[2026-09-04 09:53:27Z INFO JobServerQueue] All queue process tasks have been stopped, and all queues are drained.
[2026-09-04 09:53:27Z INFO TempDirectoryManager] Cleaning runner temp folder: C:\Users\thennarasuv\CICD\actions-runner\_work\_temp
[2026-09-04 09:53:27Z INFO HostContext] Well known directory 'Bin': 'C:\Users\thennarasuv\CICD\actions-runner\bin'
[2026-09-04 09:53:27Z INFO HostContext] Well known directory 'Root': 'C:\Users\thennarasuv\CICD\actions-runner'
[2026-09-04 09:53:27Z INFO HostContext] Well known directory 'Diag': 'C:\Users\thennarasuv\CICD\actions-runner\_diag'
[2026-09-04 09:53:27Z INFO HostContext] Well known config file 'Telemetry': 'C:\Users\thennarasuv\CICD\actions-runner\_diag\.telemetry'
[2026-09-04 09:53:27Z INFO JobRunner] Raising job completed against run service
[2026-09-04 09:53:28Z INFO Worker] Job completed.
